Time,Potential,J_0,J_1,J_2
0.0,10.0,0.003541006948580616,-0.0028422434534149943,0.0016185265981221164
0.01,9.9,0.003536141752192634,-0.0027810637316179054,0.0016261892385500687
0.02,9.8,0.003527505994497915,-0.0027600217963481555,0.0016098909246693438
0.03,9.7,0.003513275267323479,-0.002703220736293588,0.0015547926610679497
0.04,9.6,0.0035310332550579915,-0.002639608260096793,0.0015454270446753071
0.05,9.5,0.003522397541019018,-0.00261126859459182,0.0014784090546982043
0.06,9.4,0.003499409531286801,-0.002559332551300031,0.0014509207153423631
0.07,9.3,0.003495882339848322,-0.0025055722086335663,0.0014019039778077058
0.08,9.2,0.0035005041518161306,-0.00248051653204584,0.0013651717993070633
0.09,9.1,0.0034831110588129377,-0.002392334899582238,0.0012970591189969127
0.1,9.0,0.003458420103925164,-0.002372144287392075,0.001232230568405157
0.11,8.9,0.0034686371091083856,-0.002332736216745579,0.0011674019127667634
0.12,8.8,0.0034374997958366293,-0.0023114509798745075,0.0010910184396948353
0.13,8.7,0.0034550145428511314,-0.0022523388530544253,0.0010165810904254613
0.14,8.6,0.00343531055659696,-0.0021914023160718443,0.0009238992333280294
0.15,8.5,0.003401497457161895,-0.002160265197062472,0.0008005667081079082
0.16,8.4,0.0034263098878000164,-0.0021266953972371994,0.0007424277050915862
0.17,8.3,0.003392618524230784,-0.0020588260217664356,0.0006426913976014248
0.18,8.2,0.0033617245080677094,-0.002082908706654507,0.0005599831744547146
0.19,8.1,0.003374860471012653,-0.002034621741245246,0.0004336099007641931
0.2,8.0,0.0033072343103413004,-0.002010539101092945,0.00034530676783598813
0.21,7.9,0.0033038285882867058,-0.0020214857938753994,0.00023146130351679544
0.22,7.8,0.003288503272415255,-0.0019609142565144566,0.00012138647172340222
0.23,7.699999999999999,0.00328327325405553,-0.0019579951839432397,3.320490054647962e-05
0.24,7.6,0.003240824457407143,-0.0019528867599944988,-9.535774921687334e-05
0.25,7.5,0.0032352295274904463,-0.0019708880842870258,-0.00018013360971735892
0.26,7.4,0.0031873074278792046,-0.001991565148045993,-0.0003221971248592581
0.27,7.3,0.003147291160075838,-0.002035351924533302,-0.0004606117146300961
0.28,7.199999999999999,0.0031384120923121372,-0.002072084145311237,-0.0005774978924364405
0.29,7.1,0.0031232084543262317,-0.0021236552284449317,-0.0006990059689826467
0.3,7.0,0.003049987314682312,-0.0022097691353906157,-0.0008568813082092674
0.31,6.9,0.003031621171168057,-0.0023448997566504204,-0.001056354142207283
0.32,6.8,0.0028986798771484246,-0.002444331898686869,-0.001247191187644603
0.33,6.699999999999999,0.002863832935474875,-0.002577212425194375,-0.001467766763880718
0.34,6.6,0.0027169040357648555,-0.0027577108692184993,-0.0016765443160267068
0.35000000000000003,6.5,0.002613944492125597,-0.0029506764179814127,-0.0019392037573879861
0.36,6.4,0.0024313781605656004,-0.003228235664778367,-0.002262921347835345
0.37,6.3,0.002210559312516125,-0.00348207710828774,-0.002612181019912896
0.38,6.2,0.001965901163544004,-0.0038242822870415694,-0.0030001189760895386
0.39,6.1,0.0016065462291976473,-0.004208023943208607,-0.003470461036963949
0.4,6.0,0.0011807814004782813,-0.0046556211078154774,-0.003959655673213547
0.41000000000000003,5.8999999999999995,0.0006831941680616183,-0.005212989514461697,-0.004589454666529491
0.42,5.8,1.3683305212452979e-05,-0.0057856830010507565,-0.00527137178232806
0.43,5.7,-0.0007461375380997586,-0.006530421476782067,-0.006058498676793533
0.44,5.6,-0.0016825039731003244,-0.00734199574651484,-0.007006906167589477
0.45,5.5,-0.0027909156369787524,-0.008303053408553751,-0.008068125223871903
0.46,5.3999999999999995,-0.004042789525556145,-0.00940933647723341,-0.009299869710957864
0.47000000000000003,5.3,-0.005566627824009629,-0.010653122024450568,-0.010679515839001397
0.48,5.2,-0.0073076357948593795,-0.012081115988621605,-0.012294575994019397
0.49,5.1,-0.009310572779213544,-0.013714845905269613,-0.014105338632361963
0.5,5.0,-0.011604691717366222,-0.015561489311949117,-0.016177907986275386
0.51,4.9,-0.01420045244594803,-0.01764537139752065,-0.018515327741624787
0.52,4.8,-0.017096759969717823,-0.02003199001046596,-0.021123920916579664
0.53,4.699999999999999,-0.02033046883298084,-0.0227174538813415,-0.024040723554207943
0.54,4.6,-0.02394943917170167,-0.02574803955940297,-0.027349053241778165
0.55,4.5,-0.02792338698054664,-0.02912380953785032,-0.031006639823317528
0.56,4.3999999999999995,-0.03229329833993688,-0.032862402629689313,-0.03503434504091274
0.5700000000000001,4.299999999999999,-0.037101807654835284,-0.03705333900870755,-0.039543463179143146
0.58,4.2,-0.04235675698146224,-0.04168214356468525,-0.044484611484222114
0.59,4.1000000000000005,-0.048025860043708235,-0.046842709416523576,-0.04994250208255835
0.6,4.0,-0.054256649425951764,-0.05254817471723072,-0.05592339838040061
0.61,3.9000000000000004,-0.06100861629238352,-0.05882937798742205,-0.06247516849543899
0.62,3.8,-0.06837645563064143,-0.06573830961133353,-0.06966932071372867
0.63,3.7,-0.07636291329981759,-0.0733575004269369,-0.07755858899326995
0.64,3.5999999999999996,-0.08500804874347523,-0.0817415023338981,-0.08616529253777117
0.65,3.5,-0.09445593919372186,-0.09101558168185875,-0.09557772986590862
0.66,3.3999999999999995,-0.10470044740941375,-0.10118826729012653,-0.10586498788325116
0.67,3.3,-0.11591920559294522,-0.11242678749840707,-0.1172050719615072
0.68,3.1999999999999993,-0.12811240402515978,-0.1247559079201892,-0.12960674823261797
0.6900000000000001,3.0999999999999996,-0.14147677726577967,-0.13841054146178067,-0.14321321819443256
0.7000000000000001,2.999999999999999,-0.15607033029664308,-0.15340390731580555,-0.15810945257544518
0.71,2.9000000000000004,-0.17202821187675,-0.16997936030384153,-0.17453523667063564
0.72,2.8000000000000007,-0.18945957405958325,-0.18820028228219599,-0.19257109879981726
0.73,2.7,-0.20852638059295714,-0.20820916385855526,-0.21240587765350938
0.74,2.5999999999999996,-0.2293755958089605,-0.23008384183049202,-0.23408611759077758
0.75,2.5,-0.2522371644154191,-0.25392636051401496,-0.2576960970181972
0.76,2.4000000000000004,-0.27706977259367704,-0.27983587840572,-0.2836631997488439
0.77,2.3,-0.30412502121180296,-0.3077854588627815,-0.31178774568252265
0.78,2.1999999999999993,-0.33356007328256965,-0.3377929264679551,-0.34189482126384974
0.79,2.0999999999999996,-0.3654605883639306,-0.3699066371191293,-0.3746138873975724
0.8,2.0,-0.3999666287563741,-0.40415227110497653,-0.4097412144765258
0.81,1.8999999999999986,-0.43719255831092596,-0.44047377817332745,-0.4472549157217145
0.8200000000000001,1.799999999999999,-0.47724824910983443,-0.47897474048659205,-0.48712995601817966
0.8300000000000001,1.6999999999999993,-0.5201041987165809,-0.5196419856511056,-0.5296832569874823
0.84,1.5999999999999996,-0.565727339591831,-0.5626077339984477,-0.5744824013672769
0.85,1.5,-0.6141118984669447,-0.6078563793562353,-0.6220466359518468
0.86,1.4000000000000004,-0.6649759928695858,-0.655521952547133,-0.6718787788413465
0.87,1.3000000000000007,-0.7182943029329181,-0.705537551548332,-0.7237911927513778
0.88,1.1999999999999993,-0.7736884276382625,-0.7579595441929996,-0.7779572638683021
0.89,1.0999999999999996,-0.8309520808979869,-0.8128257296048105,-0.8340743854641914
0.9,1.0,-0.8898037159815431,-0.8697678218595684,-0.8917860384099185
0.91,0.9000000000000004,-0.949886517599225,-0.928726589307189,-0.9510660963132977
0.92,0.7999999999999989,-1.010917842388153,-0.9894552659243345,-1.0121236694976687
0.93,0.6999999999999993,-1.072565158829093,-1.0515898000448942,-1.0735698956996202
0.9400000000000001,0.5999999999999996,-1.1347565287724137,-1.1146741500124335,-1.135767006315291
0.9500000000000001,0.5,-1.1968240812420845,-1.1781230876222253,-1.197901058010757
0.96,0.40000000000000036,-1.2587088011205196,-1.2413794258609414,-1.2599134594202042
0.97,0.3000000000000007,-1.3198239393532276,-1.303751834668219,-1.3214471898972988
0.98,0.1999999999999993,-1.3799998490139842,-1.364463271573186,-1.3815503790974617
0.99,0.09999999999999964,-1.4384627044200897,-1.4230085015296936,-1.440162573941052
1.0,0.0,-1.4948342824354768,-1.4786470830440521,-1.495822369121015
1.01,-0.09999999999999964,-1.548566552810371,-1.5308782272040844,-1.5491644274443388
1.02,-0.1999999999999993,-1.5992780001834035,-1.5793863954022527,-1.598878126591444
1.03,-0.3000000000000007,-1.6464299838989973,-1.6238598618656397,-1.6446298900991678
1.04,-0.40000000000000036,-1.689902680926025,-1.6644397331401706,-1.6859995489940047
1.05,-0.5,-1.7293678717687726,-1.700938068330288,-1.7226730287075043
1.06,-0.6000000000000014,-1.7648978549987078,-1.733451490290463,-1.7559868041425943
1.07,-0.7000000000000011,-1.7964702136814594,-1.7624325985088944,-1.7853171173483133
1.08,-0.8000000000000007,-1.824096417054534,-1.787951990030706,-1.811131700873375
1.09,-0.9000000000000004,-1.8481240253895521,-1.8102470058947802,-1.8333550859242678
1.1,-1.0,-1.8684183154255152,-1.8294830340892076,-1.8529683127999306
1.11,-1.1000000000000014,-1.8855439852923155,-1.8457436300814152,-1.8695521336048841
1.12,-1.200000000000001,-1.8991738222539425,-1.8592063523828983,-1.883140092715621
1.1300000000000001,-1.3000000000000007,-1.9097388572990894,-1.8697615936398506,-1.8937981631606817
1.1400000000000001,-1.4000000000000021,-1.9170563500374556,-1.8775585312396288,-1.901772702112794
1.1500000000000001,-1.5000000000000018,-1.9214398972690105,-1.8823960982263088,-1.9072932843118906
1.16,-1.5999999999999996,-1.922811258584261,-1.884486885741353,-1.9098423775285482
1.17,-1.6999999999999993,-1.921256436035037,-1.8836924377828836,-1.9100562799721956
1.18,-1.799999999999999,-1.9171783421188593,-1.8801755718886852,-1.9073608983308077
1.19,-1.8999999999999986,-1.910627868026495,-1.8742156736552715,-1.9019785840064287
1.2,-2.0,-1.901867650449276,-1.865838197991252,-1.8944363947957754
1.21,-2.0999999999999996,-1.8911650236696005,-1.8555119261145592,-1.884692320600152
1.22,-2.1999999999999993,-1.87888372130692,-1.8434039801359177,-1.873245943337679
1.23,-2.3000000000000007,-1.8652534913271666,-1.8297712802886963,-1.8600886818021536
1.24,-2.4000000000000004,-1.850464303046465,-1.814937469549477,-1.8456666730344296
1.25,-2.5,-1.8348860628902912,-1.799183183349669,-1.8304937817156315
1.26,-2.5999999999999996,-1.8187500452622771,-1.7827567178755999,-1.8147496785968542
1.27,-2.6999999999999993,-1.8021797183901072,-1.7658198671415448,-1.798267095349729
1.28,-2.8000000000000007,-1.7854083217680454,-1.7486737305298448,-1.7815247997641563
1.29,-2.9000000000000004,-1.7685414319857955,-1.731448662467301,-1.7643870627507567
1.3,-3.0,-1.7517008874565363,-1.7141548627987504,-1.7475198544561863
1.31,-3.1000000000000014,-1.7350111920386553,-1.697050677612424,-1.7307675257325172
1.32,-3.200000000000001,-1.7185110338032246,-1.6801932239905,-1.7139332806691527
1.33,-3.3000000000000007,-1.7023237999528646,-1.6636524209752679,-1.6973277358338237
1.34,-3.4000000000000004,-1.6864452064037323,-1.647442621178925,-1.6811277735978365
1.35,-3.5,-1.6710009165108204,-1.6317633297294378,-1.665494330227375
1.36,-3.6000000000000014,-1.6558388276025653,-1.6164000406861305,-1.6498840805143118
1.37,-3.700000000000001,-1.6410966934636235,-1.601405257359147,-1.6353499302640557
1.3800000000000001,-3.8000000000000007,-1.6267704665660858,-1.5869777435436845,-1.6204782659187913
1.3900000000000001,-3.900000000000002,-1.6129044918343425,-1.5730984983965755,-1.6062476681545377
1.4000000000000001,-4.000000000000002,-1.5994235156103969,-1.5594838233664632,-1.5921809021383524
1.41,-4.1,-1.586398177780211,-1.5464578904211521,-1.5790667459368706
1.42,-4.199999999999999,-1.5737406639382243,-1.5338258957490325,-1.5661815339699388
1.43,-4.299999999999999,-1.5615082643926144,-1.5216621300205588,-1.5536136105656624
1.44,-4.399999999999999,-1.5496366331353784,-1.5098695009946823,-1.5416732439771295
1.45,-4.5,-1.5381627893075347,-1.4985279040411115,-1.5297062871977687
1.46,-4.6,-1.527103416621685,-1.4876011842861772,-1.518758775666356
1.47,-4.699999999999999,-1.516402244567871,-1.4769811509177089,-1.5078964084386826
1.48,-4.800000000000001,-1.5060313371941447,-1.466812047176063,-1.4972991393879056
1.49,-4.9,-1.4960174364969134,-1.4570276997983456,-1.4867953723296523
1.5,-5.0,-1.4862835304811597,-1.4475947236642241,-1.476977525278926
1.51,-5.1,-1.4768615625798702,-1.4384219078347087,-1.4676329111680388
1.52,-5.199999999999999,-1.4678164590150118,-1.4295550277456641,-1.458371913060546
1.53,-5.300000000000001,-1.4590134797617793,-1.4210631027817726,-1.4492869386449456
1.54,-5.4,-1.450449664145708,-1.4128156639635563,-1.440627501346171
1.55,-5.5,-1.4422174785286188,-1.4047985281795263,-1.4322045724838972
1.56,-5.600000000000001,-1.4342429526150227,-1.3971493253484368,-1.42434960603714
1.57,-5.700000000000001,-1.426483679562807,-1.3897509183734655,-1.416466323658824
1.58,-5.800000000000001,-1.4189677685499191,-1.3824826749041677,-1.4088672576472163
1.59,-5.9,-1.411703646183014,-1.3755368841812015,-1.401192463003099
1.6,-6.0,-1.4046535845845938,-1.3688142225146294,-1.393903817050159
1.61,-6.100000000000001,-1.3977633826434612,-1.3622292960062623,-1.3873158684000373
1.62,-6.200000000000003,-1.39107714779675,-1.355880898423493,-1.3805828811600804
1.6300000000000001,-6.300000000000001,-1.3846180997788906,-1.3498145826160908,-1.374125299975276
1.6400000000000001,-6.400000000000002,-1.3783015795052052,-1.3438579943031073,-1.367578212171793
1.6500000000000001,-6.5,-1.3722337894141674,-1.3380495514720678,-1.3613393334671855
1.6600000000000001,-6.600000000000001,-1.3662611758336425,-1.332441977225244,-1.3556000897660851
1.67,-6.699999999999999,-1.3605333175510168,-1.32701725512743,-1.3496801843866706
1.68,-6.800000000000001,-1.3548470819368958,-1.3217035699635744,-1.344019460491836
1.69,-6.899999999999999,-1.3493909174576402,-1.3165660556405783,-1.3381544267758727
1.7,-7.0,-1.3440281376242638,-1.3115630652755499,-1.332915567792952
1.71,-7.100000000000001,-1.3387981038540602,-1.3067160453647375,-1.3278076108545065
1.72,-7.199999999999999,-1.3337568389251828,-1.301969425752759,-1.3227539882063866
1.73,-7.300000000000001,-1.3288061572238803,-1.297417969442904,-1.3177225403487682
1.74,-7.399999999999999,-1.323966247960925,-1.2928860895335674,-1.3125178050249815
1.75,-7.5,-1.319250050932169,-1.2885037884116173,-1.3079507779330015
1.76,-7.600000000000001,-1.3146758722141385,-1.284193266183138,-1.3034680280834436
1.77,-7.699999999999999,-1.310156931169331,-1.280074741691351,-1.298870581202209
1.78,-7.800000000000001,-1.305741647258401,-1.2760077053681016,-1.294429825618863
1.79,-7.899999999999999,-1.3014126773923635,-1.2720775315538049,-1.2899174895137548
1.8,-8.0,-1.2971946075558662,-1.268167975358665,-1.2857817187905312
1.81,-8.100000000000001,-1.2931175464764237,-1.26434887945652,-1.281866429373622
1.82,-8.2,-1.2890353947877884,-1.2606945326551795,-1.277609933167696
1.83,-8.3,-1.2850973103195429,-1.2570651806890965,-1.273573406971991
1.84,-8.400000000000002,-1.2812243895605206,-1.2535326918587089,-1.2697955695912242
1.85,-8.5,-1.2774524092674255,-1.2500115362927318,-1.2657549567520618
1.86,-8.600000000000001,-1.2737186485901475,-1.2466415641829371,-1.262171931564808
1.87,-8.700000000000003,-1.2700432911515236,-1.243271879851818,-1.2586779091507196
1.8800000000000001,-8.8,-1.266475884243846,-1.2400332689285278,-1.2549773594364524
1.8900000000000001,-8.900000000000002,-1.2629721062257886,-1.236795585602522,-1.2512608729302883
1.9000000000000001,-9.0,-1.2595173232257366,-1.2336530154570937,-1.2480631107464433
1.9100000000000001,-9.100000000000001,-1.256096426397562,-1.23060199059546,-1.2446253839880228
1.92,-9.2,-1.2527602538466454,-1.2275222213938832,-1.2415175484493375
1.93,-9.3,-1.2495074849575758,-1.2245728243142366,-1.2377518340945244
1.94,-9.399999999999999,-1.2462918516248465,-1.2216330152004957,-1.234539789147675
1.95,-9.5,-1.2431097216904163,-1.2187749473378062,-1.2316899038851261
1.96,-9.600000000000001,-1.2399950362741947,-1.2159241205081344,-1.2282551601529121
1.97,-9.7,-1.236932234838605,-1.213111880235374,-1.2253816397860646
1.98,-9.8,-1.2338710222393274,-1.2103399112820625,-1.2220852747559547
1.99,-9.899999999999999,-1.2308672331273556,-1.2076660329475999,-1.219117951579392
2.0,-10.0,-1.2279397435486317,-1.2049828497692943,-1.2165368786081672
2.0100000000000002,-9.899999999999999,-1.2250288585200906,-1.2023513447493315,-1.2133327312767506
2.02,-9.8,-1.2221758151426911,-1.1997529063373804,-1.210648762062192
2.0300000000000002,-9.699999999999998,-1.219332119449973,-1.197145796380937,-1.2075129365548491
2.04,-9.6,-1.2165364865213633,-1.194609235972166,-1.2047500144690275
2.05,-9.500000000000002,-1.2138296524062753,-1.1921762116253376,-1.202236570417881
2.06,-9.399999999999999,-1.2110642567276955,-1.1896415948867798,-1.19934890139848
2.07,-9.3,-1.2083520889282227,-1.1871880991384387,-1.1966673964634538
2.08,-9.2,-1.2056859470903873,-1.1847676327452064,-1.1939571611583233
2.09,-9.100000000000001,-1.2030806643888354,-1.1823733262717724,-1.1911833053454757
2.1,-9.0,-1.2004641015082598,-1.1799866575747728,-1.1888504503294826
2.11,-8.900000000000002,-1.1978886937722564,-1.1775693548843265,-1.1861865827813745
2.12,-8.799999999999999,-1.1952977310866117,-1.1752608567476273,-1.1835483135655522
2.13,-8.700000000000001,-1.1927713500335813,-1.1729078562930226,-1.1807567523792386
2.14,-8.599999999999998,-1.1902327593415976,-1.1705890223383904,-1.1783270128071308
2.15,-8.5,-1.187741887755692,-1.1682921200990677,-1.1759553123265505
2.16,-8.399999999999999,-1.1852164883166552,-1.1660272972658277,-1.1733743892982602
2.17,-8.3,-1.1827614242210984,-1.1637429632246494,-1.170915087684989
2.18,-8.2,-1.1802978944033384,-1.1614854326471686,-1.1681289533153176
2.19,-8.100000000000001,-1.1779071344062686,-1.1592272203415632,-1.1657782001420856
2.2,-7.999999999999998,-1.1754619032144547,-1.1569917052984238,-1.163276020437479
2.21,-7.9,-1.1730310702696443,-1.1547080893069506,-1.161052937619388
2.22,-7.799999999999998,-1.1706352969631553,-1.1524664163589478,-1.1583164343610406
2.23,-7.7,-1.1681902641430497,-1.1501996973529458,-1.1558330114930868
2.24,-7.599999999999998,-1.1658073412254453,-1.1479680193588138,-1.1535179866477847
2.25,-7.5,-1.1634108619764447,-1.145694650709629,-1.1510712336748838
2.2600000000000002,-7.399999999999998,-1.1610351977869868,-1.1434128219261765,-1.1486347606405616
2.27,-7.3,-1.1586556630209088,-1.141183067113161,-1.146192790940404
2.2800000000000002,-7.1999999999999975,-1.1562138814479113,-1.1389208352193236,-1.1435049222782254
2.29,-7.1,-1.1537597514688969,-1.136581459082663,-1.14122992195189
2.3000000000000003,-6.999999999999997,-1.1513366140425205,-1.1343030789867043,-1.138596992008388
2.31,-6.8999999999999995,-1.148920752108097,-1.131983988918364,-1.1362956371158361
2.32,-6.800000000000002,-1.1464632144197822,-1.1296166311949492,-1.1335051925852895
2.33,-6.699999999999999,-1.143961668945849,-1.1272049751132727,-1.1309905219823122
2.34,-6.600000000000001,-1.1414747731760144,-1.1248428849503398,-1.1285822056233883
2.35,-6.499999999999999,-1.138970228843391,-1.122383194975555,-1.1261031925678253
2.36,-6.400000000000001,-1.1364121548831463,-1.1198859876021743,-1.1234612818807364
2.37,-6.299999999999999,-1.1338057657703757,-1.1173676308244467,-1.1209891326725483
2.38,-6.200000000000001,-1.1311733135953546,-1.1147683104500175,-1.1178716626018286
2.39,-6.099999999999999,-1.1285131694748998,-1.1122234556823969,-1.1151070035994053
2.4,-6.000000000000001,-1.12575145624578,-1.1094673657789826,-1.1127402987331152
2.41,-5.899999999999999,-1.1229190528392792,-1.1067055836319923,-1.1097025740891695
2.42,-5.800000000000001,-1.1200468754395843,-1.1038831807672977,-1.1067653438076377
2.43,-5.699999999999998,-1.1171025102958083,-1.1009716233238578,-1.1037106988951564
2.44,-5.6000000000000005,-1.1141006303951144,-1.097911705262959,-1.1004316518083215
2.45,-5.499999999999998,-1.110932456329465,-1.0948126930743456,-1.0977403577417135
2.46,-5.4,-1.1077007483690977,-1.0916145499795675,-1.094241552054882
2.47,-5.299999999999998,-1.104291321709752,-1.0882350513711572,-1.0908440994098783
2.48,-5.2,-1.100791109725833,-1.084743364714086,-1.0873696226626635
2.49,-5.099999999999998,-1.0971340807154775,-1.0810984261333942,-1.0834887372329831
2.5,-5.0,-1.0933093763887882,-1.0772038670256734,-1.079944672062993
2.5100000000000002,-4.899999999999998,-1.0893191685900092,-1.0732053648680449,-1.0756879094988108
2.52,-4.8,-1.085106453858316,-1.0690084034577012,-1.0714753726497293
2.5300000000000002,-4.6999999999999975,-1.080589591525495,-1.064508161507547,-1.0670711267739534
2.54,-4.6,-1.0758110834285617,-1.0596929816529155,-1.0619417680427432
2.5500000000000003,-4.499999999999997,-1.0708486177027225,-1.0545896850526333,-1.0574113270267844
2.56,-4.3999999999999995,-1.06545324716717,-1.0491841519251466,-1.0518176639452577
2.57,-4.300000000000002,-1.0597820626571774,-1.0434654988348484,-1.0463388925418258
2.58,-4.199999999999999,-1.0536649441346526,-1.0372163783758879,-1.040327132679522
2.59,-4.100000000000001,-1.0470358273014426,-1.0306122982874513,-1.0339346369728446
2.6,-3.999999999999999,-1.040001536719501,-1.0234205983579159,-1.0268211215734482
2.61,-3.9000000000000012,-1.032328037545085,-1.015617691911757,-1.0194058138877153
2.62,-3.799999999999999,-1.0240722335875034,-1.0072275632992387,-1.0113526629284024
2.63,-3.700000000000001,-1.0151298409327865,-0.9981239549815655,-1.0021591521799564
2.64,-3.5999999999999988,-1.0053590657189488,-0.988160447217524,-0.9930562963709235
2.65,-3.500000000000001,-0.9947905521839857,-0.9773644208908081,-0.982712016440928
2.66,-3.3999999999999986,-0.9832171853631735,-0.9656202145852149,-0.9712468842044473
2.67,-3.3000000000000007,-0.9707214646041393,-0.9527652845717967,-0.95909558609128
2.68,-3.1999999999999984,-0.9569474360905588,-0.9387367549352348,-0.9456012155860662
2.69,-3.1000000000000005,-0.9420632482506335,-0.9234752836637199,-0.9312758943997324
2.7,-2.9999999999999982,-0.925702107604593,-0.9066975554451346,-0.9152552913874388
2.71,-2.9000000000000004,-0.9077984243631363,-0.8885538927279413,-0.8977649435400963
2.72,-2.799999999999998,-0.8883813070133328,-0.8686604425311089,-0.8785348050296307
2.73,-2.7,-0.8671411075629294,-0.8470488162711263,-0.8580633644014597
2.74,-2.599999999999998,-0.8441142793744802,-0.823644039221108,-0.8359846826642752
2.75,-2.5,-0.8190330439247191,-0.7981761307455599,-0.8113228282891214
2.7600000000000002,-2.3999999999999977,-0.7918456485494971,-0.7707236115820706,-0.7847377983853221
2.77,-2.3,-0.7626570640131831,-0.7410876131616533,-0.7562258141115308
2.7800000000000002,-2.1999999999999975,-0.7308761165477335,-0.7091519916430116,-0.7252819421701133
2.79,-2.0999999999999996,-0.6969435093924403,-0.6751018990762532,-0.6918619181960821
2.8000000000000003,-1.9999999999999964,-0.6605416545644403,-0.6386495148763061,-0.6567928194999695
2.81,-1.8999999999999986,-0.6218213210813701,-0.5998205975629389,-0.6188176330178976
2.82,-1.8000000000000007,-0.5804718704894185,-0.5587210508529097,-0.578434472437948
2.83,-1.6999999999999993,-0.5369608586188406,-0.5154511043801904,-0.5357288219965994
2.84,-1.6000000000000014,-0.4909172726329416,-0.46969258901663125,-0.4907593671232462
2.85,-1.5,-0.44265645439736545,-0.42192388069815934,-0.44286162476055324
2.86,-1.4000000000000021,-0.3921891963109374,-0.371792248217389,-0.3937187255360186
2.87,-1.299999999999999,-0.3395134791499004,-0.3200352218700573,-0.34208948467858136
2.88,-1.200000000000001,-0.2847110035363585,-0.26640672772191465,-0.28735585627146065
2.89,-1.0999999999999979,-0.2284130451735109,-0.21093132317764685,-0.23176295473240316
2.9,-1.0,-0.1702063176780939,-0.15431302081560716,-0.17423129634698853
2.91,-0.8999999999999986,-0.11061396149898428,-0.0965714405184599,-0.11447129520742294
2.92,-0.8000000000000007,-0.04961644553804945,-0.03776383566128061,-0.054586867492616875
2.93,-0.6999999999999993,0.01201503958691319,0.02147740689724742,0.005387284577068385
2.94,-0.6000000000000014,0.07421349605647265,0.08089425519574434,0.0690711159932107
2.95,-0.4999999999999982,0.13681959738369187,0.1402005119180103,0.12994080371572636
2.96,-0.40000000000000036,0.19919497498631245,0.1990717876542476,0.1912929303762212
2.97,-0.29999999999999716,0.2605846477090381,0.2570340698403015,0.252704535407247
2.98,-0.1999999999999993,0.32098862214479595,0.313705641485285,0.3103641652269289
2.99,-0.09999999999999787,0.37966443796176463,0.36859497521072626,0.3689784813905135
3.0,0.0,0.4361118479864672,0.42178434901870787,0.42448503139894456
3.0100000000000002,0.10000000000000142,0.48983401735313237,0.47216638643294573,0.4773301985114813
3.02,0.1999999999999993,0.5403782839421183,0.5197149845771492,0.5259236393030733
3.0300000000000002,0.3000000000000025,0.5874823089689016,0.564390613231808,0.5710723353549838
3.04,0.40000000000000036,0.6308124912902713,0.6053855358622968,0.6146033478435129
3.0500000000000003,0.5000000000000036,0.6701782611198723,0.6428485359065235,0.6524913161993027
3.06,0.6000000000000014,0.7053410089574754,0.6764386324211955,0.6859491937793791
3.0700000000000003,0.7000000000000028,0.7360771563835442,0.7064420846290886,0.7166025480255485
3.08,0.8000000000000007,0.7628321791999042,0.7324547409079969,0.7423735409975052
3.09,0.8999999999999986,0.7854583859443665,0.7546311262995005,0.7642934010364115
3.1,1.0,0.8037870591506362,0.7728870105929673,0.7831155830062926
3.11,1.0999999999999979,0.8185827191919088,0.7879109079949558,0.7963657635264099
3.12,1.200000000000001,0.8297960520721972,0.7991978186182678,0.8079147161915898
3.13,1.299999999999999,0.837685767095536,0.807524430565536,0.8159171184524894
3.14,1.4000000000000021,0.8424386833794415,0.8127428363077343,0.8198798587545753
3.15,1.5,0.8446746221743524,0.8152941334992647,0.822718323674053
3.16,1.6000000000000014,0.8441706486046314,0.8154664728790522,0.8225914002396166
3.17,1.6999999999999993,0.8414363381452858,0.8134103394113481,0.8194046407006681
3.18,1.8000000000000007,0.836699144449085,0.8092822255566716,0.8152261697687209
3.19,1.8999999999999986,0.8302432843483984,0.8034822982735932,0.8090168293565512
3.2,2.0000000000000018,0.8221965543925762,0.7961011477746069,0.801172252278775
3.21,2.0999999999999996,0.8129212856292725,0.7874538437463343,0.7924492130987346
3.22,2.200000000000003,0.8024870418012142,0.7777186958119273,0.7821099977008998
3.23,2.3000000000000007,0.7910715164616704,0.7668507667258382,0.7715456197038293
3.24,2.400000000000002,0.778866637032479,0.7552494946867228,0.7597390776500106
3.25,2.5,0.7660441906191409,0.7428138488903642,0.7472756216302514
3.2600000000000002,2.6000000000000014,0.7528057340532541,0.7300178082659841,0.7346788309514523
3.27,2.6999999999999993,0.7390467999503016,0.7166323163546622,0.7211239514872432
3.2800000000000002,2.8000000000000025,0.7252007001079619,0.7029683720320463,0.7077823802828789
3.29,2.9000000000000004,0.7110982090234756,0.689134243875742,0.6944359638728201
3.3000000000000003,3.0000000000000036,0.6969255791045725,0.6751198493875563,0.6805272181518376
3.31,3.1000000000000014,0.6827446795068681,0.6609940864145756,0.6668020347133279
3.3200000000000003,3.200000000000003,0.6685252203606069,0.646947814617306,0.6530230371281505
3.33,3.3000000000000007,0.654395873658359,0.63295376021415,0.6393794128671288
3.34,3.3999999999999986,0.6405085031874478,0.6190573233179748,0.6261505223810673
3.35,3.5,0.6266497676260769,0.605431592091918,0.6128949010744691
3.36,3.599999999999998,0.6130789313465357,0.591973414644599,0.5998242576606572
3.37,3.700000000000001,0.5997215216048062,0.5788068794645369,0.5870659691281617
3.38,3.799999999999999,0.5865935725159943,0.5659368331544101,0.574747622013092
3.39,3.900000000000002,0.5737479613162577,0.5533712571486831,0.5625923690386117
3.4,4.0,0.5611745831556618,0.5411106701940298,0.5507689993828535
3.41,4.100000000000001,0.5489526349119842,0.5291912877000868,0.5391890476457775
3.42,4.199999999999999,0.5370662589557469,0.5176760908216238,0.5280441734939814
3.43,4.300000000000001,0.5254619740881026,0.5064849439077079,0.5172089352272451
3.44,4.399999999999999,0.514222183264792,0.4956557583063841,0.5069247628562152
3.45,4.500000000000002,0.5032686237245798,0.48516332684084773,0.49678815389052033
3.46,4.6,0.49271429562941194,0.47501983447000384,0.48694439325481653
3.47,4.700000000000003,0.4824600168503821,0.4652238921262324,0.4774592313915491
3.48,4.800000000000001,0.4725656439550221,0.45574176870286465,0.46841702144593
3.49,4.900000000000002,0.4629308679141104,0.44660887913778424,0.45964308409020305
3.5,5.0,0.45368104754015803,0.4378017296548933,0.45104513433761895
3.5100000000000002,5.100000000000001,0.4446652999613434,0.4292438826523721,0.4427686857525259
3.52,5.199999999999999,0.43599645141512156,0.42101664026267827,0.4347379601094872
3.5300000000000002,5.3000000000000025,0.42761269421316683,0.4130421138834208,0.4271351653151214
3.54,5.4,0.41947999270632863,0.40535062621347606,0.4197540886234492
3.5500000000000003,5.5000000000000036,0.411634135292843,0.39788731024600565,0.41245282371528447
3.56,5.600000000000001,0.40397110441699624,0.3907238661777228,0.4054929993581027
3.5700000000000003,5.700000000000003,0.3966447403654456,0.383753206115216,0.39867442660033703
3.58,5.800000000000001,0.38955741887912154,0.3770371666178107,0.39221739978529513
3.59,5.899999999999999,0.3826217513997108,0.3704925854690373,0.38586749881505966
3.6,6.0,0.3759904778562486,0.3641802482306957,0.3797129141166806
3.61,6.099999999999998,0.36953670787625015,0.3580550921615213,0.3737437925301492
3.62,6.200000000000003,0.36321870307438076,0.3521242409478873,0.36787304538302124
3.63,6.299999999999997,0.35719546396285295,0.3463920303620398,0.3623101310804486
3.64,6.400000000000002,0.3513189349323511,0.340757462894544,0.35686719696968794
3.65,6.5,0.34559863968752325,0.3353217712137848,0.35154328728094697
3.66,6.600000000000001,0.34006740688346326,0.3300822542514652,0.346297571901232
3.67,6.699999999999999,0.3346585736144334,0.3249847625847906,0.3413297312799841
3.68,6.800000000000001,0.32945683551952243,0.3199342761654407,0.33648691372945905
3.69,6.899999999999999,0.32438694848679006,0.3151362221688032,0.3316611342597753
3.7,7.0,0.3194768917746842,0.310396125074476,0.327066884143278
3.71,7.100000000000001,0.31472347560338676,0.3058790995273739,0.3225400655064732
3.72,7.200000000000003,0.3100299595389515,0.30141772725619376,0.31816370179876685
3.73,7.300000000000001,0.30552236456424,0.29708211310207844,0.31392556917853653
3.74,7.400000000000002,0.3011545219924301,0.29281728505156934,0.30971549334935844
3.75,7.5,0.29690089309588075,0.2887398323509842,0.3056792658753693
3.7600000000000002,7.600000000000001,0.29273584904149175,0.28466116776689887,0.3016531972680241
3.77,7.699999999999999,0.28869622969068587,0.28078829124569893,0.29784017615020275
3.7800000000000002,7.800000000000004,0.28479848289862275,0.2769849826581776,0.2941263294778764
3.79,7.899999999999999,0.28097474365495145,0.27327552647329867,0.2903549449983984
3.8000000000000003,8.000000000000004,0.27727428171783686,0.2696876348927617,0.28684746217913926
3.81,8.100000000000001,0.2736437604762614,0.2661728407256305,0.2832924018148333
3.8200000000000003,8.200000000000003,0.2700770271476358,0.26269708410836756,0.2798491863068193
3.83,8.3,0.2667077749501914,0.2593965425621718,0.2766059909481555
3.84,8.399999999999999,0.2633913541212678,0.2560989174526185,0.27334175049327314
3.85,8.5,0.2601502810139209,0.2529116105288267,0.2702715089544654
3.86,8.599999999999998,0.2569756843149662,0.24976997263729572,0.2670348866377026
3.87,8.700000000000003,0.25390508701093495,0.2467432807898149,0.26407216978259385
3.88,8.799999999999997,0.25087523204274476,0.2437623804435134,0.2611767773050815
3.89,8.900000000000002,0.24797850335016847,0.24085281719453633,0.2582633157726377
3.9,9.0,0.24513753014616668,0.2379911094903946,0.2554991631768644
3.91,9.100000000000001,0.242337544914335,0.23525778262410313,0.25273226550780237
3.92,9.2,0.2396358511177823,0.2325268944259733,0.2500903466716409
3.93,9.3,0.23697082488797605,0.22989367158152163,0.247541417600587
3.94,9.399999999999999,0.23441288946196437,0.22728185018058866,0.2448854511603713
3.95,9.5,0.23188863578252494,0.2247725073248148,0.24243564484640956
3.96,9.600000000000001,0.22946073533967137,0.2223117669345811,0.24000262399204075
3.97,9.700000000000003,0.22706852748524398,0.21988671249710023,0.2376580920536071
3.98,9.8,0.22471856663469225,0.21751469047740102,0.23536105058155954
3.99,9.900000000000002,0.22243374912068248,0.21520202362444252,0.23312470805831254
0.0,10.0,0.002930911901529498,0.0020366897800272454,0.0015845312618125718
0.005,9.9,0.0028570825273561695,0.001979463022678374,0.001573037159857904
0.01,9.8,0.0027672590549627785,0.0019284393621319396,0.0014928832199530007
0.015,9.7,0.0027460953921831788,0.0019294731734760262,0.001450738522720485
0.02,9.6,0.002630972801398457,0.0018651918074965579,0.001392964385331652
0.025,9.5,0.0026005045874626376,0.0018108842429001015,0.0013720440679507975
0.03,9.4,0.0024938352355547977,0.0017788347297482687,0.0013306291626804523
0.035,9.3,0.002391787823398772,0.0016950318318436075,0.0013162768572669847
0.04,9.2,0.0023107824854378123,0.0016337912643393793,0.0011910590663717358
0.045,9.1,0.0022168234756918537,0.0015822811311068108,0.0011872885378352294
0.05,9.0,0.0021250538034109923,0.0015009108354888667,0.001058117775713329
0.055,8.9,0.0020121814073945643,0.0014622325312814155,0.0010305686537083606
0.06,8.8,0.0019385954556128127,0.0013420624451327967,0.0010042966658190267
0.065,8.7,0.001804437884516119,0.0012877547685476998,0.0008634493764816398
0.07,8.6,0.001688889586858977,0.0011961676203640081,0.0008286025089461191
0.075,8.5,0.001558015980322125,0.0010908970444134525,0.0007295958844721895
0.08,8.4,0.0013993500381275226,0.0009628209310932334,0.0006449415952118898
0.085,8.3,0.0011970797116021004,0.0007836603549264964,0.0005333463405818861
0.09,8.2,0.0010779434320511427,0.0006623346437848454,0.00042886643799988633
0.095,8.1,0.0008829101694232122,0.000533467963178809,0.00031550749766751096
0.1,8.0,0.0007315419533142631,0.00036142276434247833,0.00020628399938971143
0.105,7.9,0.0004839646387893026,0.00024879358868190593,2.219742269460312e-05
0.11,7.8,0.0003177576412554117,5.7530835420038784e-05,-0.00010150003193132306
0.115,7.699999999999999,7.291697329492308e-05,-0.00019448593301518713,-0.00029513451266893753
0.12,7.6,-0.0001361645035302672,-0.00040587838297767576,-0.0004952762129753043
0.125,7.5,-0.00042789343781635125,-0.0006599020943696132,-0.0006925596169441697
0.13,7.4,-0.0007702202742336794,-0.0009449413610127522,-0.0009186084362369229
0.135,7.3,-0.0010802544160687883,-0.0011703820573725748,-0.0011866195217038467
0.14,7.199999999999999,-0.0014349874948749175,-0.0015504141447095776,-0.0014647258963123022
0.145,7.1,-0.001778104911011269,-0.0018765643128020315,-0.001763935024428065
0.15,7.0,-0.002201680561483954,-0.002249906780434685,-0.0020785911810889957
0.155,6.9,-0.0026147351518375217,-0.002665454816451529,-0.002453149934808607
0.16,6.8,-0.0030951118396842503,-0.003126309922663495,-0.0029224582449387526
0.165,6.699999999999999,-0.0035996928127133287,-0.0036531490532070166,-0.003365008200489683
0.17,6.6,-0.004220795068249572,-0.004193002811007318,-0.0039027940947562456
0.17500000000000002,6.5,-0.00484457315178588,-0.004726470666355453,-0.004464115292648785
0.18,6.4,-0.005541815611650236,-0.005416597705334425,-0.005128821710968623
0.185,6.3,-0.0062684921504114754,-0.006136341544333845,-0.005808732046716614
0.19,6.2,-0.007114487874787301,-0.006962207466131076,-0.006631739499425748
0.195,6.1,-0.008051340893871384,-0.007865125786338467,-0.007486249101930298
0.2,6.0,-0.00907515950530069,-0.00890481660462683,-0.008469503787637223
0.20500000000000002,5.8999999999999995,-0.010258130103466101,-0.00998646948573878,-0.009573597737471573
0.21,5.8,-0.01148932681826409,-0.011258229977102019,-0.010763623256934807
0.215,5.7,-0.012863377996836789,-0.012589102763740811,-0.012192589638289064
0.22,5.6,-0.014424617365875747,-0.014149247464956716,-0.013692344989976846
0.225,5.5,-0.016142089560162276,-0.015863253313000314,-0.0153544754430186
0.23,5.3999999999999995,-0.018071683749440126,-0.0177147600625176,-0.01727288047550246
0.23500000000000001,5.3,-0.020187735412037,-0.01990810999996029,-0.019446160018560477
0.24,5.2,-0.022565780440345407,-0.022306041544652544,-0.021829130200785585
0.245,5.1,-0.025236528003006242,-0.024949360260507092,-0.02449872065335512
0.25,5.0,-0.028244856104720384,-0.02796389152354095,-0.027476399307488464
0.255,4.9,-0.031544972269330174,-0.031329017743701115,-0.030773049395065755
0.26,4.8,-0.03525424943654798,-0.035025159973884,-0.034552265104139224
0.265,4.699999999999999,-0.039414290426066145,-0.03914652473758906,-0.03868475728086196
0.27,4.6,-0.044009830395225435,-0.043780984240584075,-0.0433686590695288
0.275,4.5,-0.04918298945995048,-0.04899269886664115,-0.0484870215295814
0.28,4.3999999999999995,-0.05490092121181078,-0.05473799677565694,-0.05428273798315786
0.28500000000000003,4.299999999999999,-0.06125029479153454,-0.061127692577429116,-0.06066604651277885
0.29,4.2,-0.06832968787057325,-0.06813586922362447,-0.06776307738618925
0.295,4.1000000000000005,-0.07612512609921396,-0.0759477898827754,-0.07559749518986791
0.3,4.0,-0.08479428419377655,-0.08455011172918603,-0.08420717326225713
0.305,3.9000000000000004,-0.09433096571592614,-0.09401807119138539,-0.09373254631645977
0.31,3.8,-0.10491494263987988,-0.10450978938024491,-0.1042280353140086
0.315,3.7,-0.11646963434759527,-0.11593708139844239,-0.11569473787676543
0.32,3.5999999999999996,-0.12922294915188104,-0.12847223738208413,-0.12828736251685768
0.325,3.5,-0.1431570277782157,-0.14223112375475466,-0.14207239216193557
0.33,3.3999999999999995,-0.1585107051068917,-0.15730487741529942,-0.15719905670266598
0.335,3.3,-0.1752279793145135,-0.17375529138371348,-0.17349987383931875
0.34,3.1999999999999993,-0.19351588073186576,-0.19166065228637308,-0.19149335334077477
0.34500000000000003,3.0999999999999996,-0.21345999371260405,-0.21117832185700536,-0.21099861315451562
0.35000000000000003,2.999999999999999,-0.23513156734406948,-0.23242590436711907,-0.23225025250576437
0.355,2.9000000000000004,-0.25879145972430706,-0.2555379297118634,-0.25519611686468124
0.36,2.8000000000000007,-0.2843988388776779,-0.2805910920724273,-0.2802367638796568
0.365,2.7,-0.31219969340600073,-0.30784777691587806,-0.30727706640027463
0.37,2.5999999999999996,-0.34229397936724126,-0.3374276300892234,-0.3366882756818086
0.375,2.5,-0.37485986365936697,-0.36938474024645984,-0.36858606175519526
0.38,2.4000000000000004,-0.41010034503415227,-0.40402262238785625,-0.4028598894365132
0.385,2.3,-0.4480985323898494,-0.4413933544419706,-0.43998549692332745
0.39,2.1999999999999993,-0.4890707014128566,-0.4818453695625067,-0.4800916826352477
0.395,2.0999999999999996,-0.5331583120860159,-0.5254572001285851,-0.5233018016442657
0.4,2.0,-0.5805670330300927,-0.572421754244715,-0.5699224090203643
0.405,1.8999999999999986,-0.631432041991502,-0.6229142169468105,-0.6202344922348857
0.41000000000000003,1.799999999999999,-0.6857868647202849,-0.6770356600172818,-0.6735657877288759
0.41500000000000004,1.6999999999999993,-0.7436881735920906,-0.7347736656665802,-0.7308139530941844
0.42,1.5999999999999996,-0.8051755563355982,-0.7961943717673421,-0.7920873542316258
0.425,1.5,-0.870094945654273,-0.8612853977829218,-0.8567276177927852
0.43,1.4000000000000004,-0.9383849622681737,-0.9296477464959025,-0.9250404080376029
0.435,1.3000000000000007,-1.0096366917714477,-1.001163637265563,-0.9964043274521828
0.44,1.1999999999999993,-1.0835851142182946,-1.0755200739949942,-1.0707702515646815
0.445,1.0999999999999996,-1.159974086098373,-1.1522805243730545,-1.1475368943065405
0.45,1.0,-1.2382044307887554,-1.2309217769652605,-1.2270245999097824
0.455,0.9000000000000004,-1.3180526178330183,-1.3111094990745187,-1.30729906167835
0.46,0.7999999999999989,-1.3988936943933368,-1.3923610085621476,-1.388837962411344
0.465,0.6999999999999993,-1.4803683580830693,-1.4741244409233332,-1.4714090479537845
0.47000000000000003,0.5999999999999996,-1.5619323011487722,-1.5559935858473182,-1.5540692657232285
0.47500000000000003,0.5,-1.6430999282747507,-1.6373167410492897,-1.6356026912108064
0.48,0.40000000000000036,-1.7234268113970757,-1.7177662681788206,-1.7167143318802118
0.485,0.3000000000000007,-1.8023635316640139,-1.7966338284313679,-1.7956520821899176
0.49,0.1999999999999993,-1.8792729191482067,-1.8735759258270264,-1.8737604469060898
0.495,0.09999999999999964,-1.9535988997668028,-1.9479813184589148,-1.9482234679162502
0.5,0.0,-2.024883918464184,-2.0192854795604944,-2.0193383805453777
0.505,-0.09999999999999964,-2.092501398175955,-2.0869760643690825,-2.0871366281062365
0.51,-0.1999999999999993,-2.1559082977473736,-2.1505501326173544,-2.150437857955694
0.515,-0.3000000000000007,-2.2147741448134184,-2.2095737662166357,-2.2088060174137354
0.52,-0.40000000000000036,-2.2686332259327173,-2.263713939115405,-2.263228192925453
0.525,-0.5,-2.317225806415081,-2.3124677166342735,-2.3108218163251877
0.53,-0.6000000000000014,-2.3602871540933847,-2.3557503763586283,-2.3539521750062704
0.535,-0.7000000000000011,-2.3976865354925394,-2.393356427550316,-2.3912441823631525
0.54,-0.8000000000000007,-2.4293453861027956,-2.425072243437171,-2.4221676774322987
0.545,-0.9000000000000004,-2.4553187042474747,-2.4510566405951977,-2.4479761235415936
0.55,-1.0,-2.4757218938320875,-2.471424140036106,-2.468753796070814
0.555,-1.1000000000000014,-2.4907110650092363,-2.4862513076514006,-2.4833304435014725
0.56,-1.200000000000001,-2.500631993636489,-2.4959725867956877,-2.492825547233224
0.5650000000000001,-1.3000000000000007,-2.5058646015822887,-2.5009889509528875,-2.4981341306120157
0.5700000000000001,-1.4000000000000021,-2.506722195073962,-2.501513807103038,-2.499440522864461
0.5750000000000001,-1.5000000000000018,-2.503680970519781,-2.498319774866104,-2.496210038661957
0.58,-1.5999999999999996,-2.497236743569374,-2.491420080885291,-2.4898839574307203
0.585,-1.6999999999999993,-2.487597471103072,-2.48159815184772,-2.480300711467862
0.59,-1.799999999999999,-2.4754235707223415,-2.469085341319442,-2.4676924645900726
0.595,-1.8999999999999986,-2.4609616938978434,-2.454306500032544,-2.4532099217176437
0.6,-2.0,-2.4445704985409975,-2.437701480463147,-2.436863860115409
0.605,-2.0999999999999996,-2.4266111124306917,-2.4195211976766586,-2.418668093159795
0.61,-2.1999999999999993,-2.407262235879898,-2.3999719377607107,-2.399049550294876
0.615,-2.3000000000000007,-2.3869040831923485,-2.3794159404933453,-2.3780971206724644
0.62,-2.4000000000000004,-2.365682650357485,-2.3579770997166634,-2.356902776286006
0.625,-2.5,-2.343867115676403,-2.3359896056354046,-2.3347483184188604
0.63,-2.5999999999999996,-2.321529546752572,-2.3135533817112446,-2.3122488148510456
0.635,-2.6999999999999993,-2.2989499270915985,-2.2908273320645094,-2.2892658188939095
0.64,-2.8000000000000007,-2.276196714490652,-2.267931926995516,-2.2665076795965433
0.645,-2.9000000000000004,-2.2533701099455357,-2.2450767047703266,-2.243695452809334
0.65,-3.0,-2.230630040168762,-2.2222979981452227,-2.220133038237691
0.655,-3.1000000000000014,-2.2080083116889,-2.1996224895119667,-2.197846570983529
0.66,-3.200000000000001,-2.185593092814088,-2.177253235131502,-2.1752879191190004
0.665,-3.3000000000000007,-2.1635309290140867,-2.1551521830260754,-2.1524127908051014
0.67,-3.4000000000000004,-2.141756035387516,-2.1334061697125435,-2.1310263946652412
0.675,-3.5,-2.1203205958008766,-2.1120880115777254,-2.1088630091398954
0.68,-3.6000000000000014,-2.0993669498711824,-2.091140989214182,-2.088143775239587
0.685,-3.700000000000001,-2.0788044333457947,-2.0707331839948893,-2.067726895213127
0.6900000000000001,-3.8000000000000007,-2.0587083008140326,-2.050694912672043,-2.0476597398519516
0.6950000000000001,-3.900000000000002,-2.0391825567930937,-2.0311993565410376,-2.027721354737878
0.7000000000000001,-4.000000000000002,-2.020050026476383,-2.012177925556898,-2.008909633383155
0.705,-4.1,-2.0014628432691097,-1.9936937354505062,-1.990542083978653
0.71,-4.199999999999999,-1.9833430349826813,-1.975686077028513,-1.9718295447528362
0.715,-4.299999999999999,-1.9657324682921171,-1.9582283776253462,-1.954819144681096
0.72,-4.399999999999999,-1.9486432112753391,-1.9411949533969164,-1.9375462476164103
0.725,-4.5,-1.931994779035449,-1.9247034303843975,-1.920725405216217
0.73,-4.6,-1.915873060002923,-1.908670349046588,-1.9048387836664915
0.735,-4.699999999999999,-1.900202026590705,-1.8931422419846058,-1.8891903162002563
0.74,-4.800000000000001,-1.8849623929709196,-1.8781065922230482,-1.874038241803646
0.745,-4.9,-1.8702699486166239,-1.8634850680828094,-1.8596087591722608
0.75,-5.0,-1.8559392280876637,-1.8493470326066017,-1.8456119876354933
0.755,-5.1,-1.8420222513377666,-1.8355371737852693,-1.8315793704241514
0.76,-5.199999999999999,-1.8285656031221151,-1.8222852684557438,-1.8183413380756974
0.765,-5.300000000000001,-1.815471014007926,-1.8092845594510436,-1.805466951802373
0.77,-5.4,-1.802844401448965,-1.7967865699902177,-1.7927803490310907
0.775,-5.5,-1.7904866021126509,-1.7846302883699536,-1.780885343439877
0.78,-5.600000000000001,-1.7785800024867058,-1.7728151129558682,-1.769199245609343
0.785,-5.700000000000001,-1.766948251053691,-1.7613428616896272,-1.7575243208557367
0.79,-5.800000000000001,-1.755754760466516,-1.7502740258350968,-1.7465123562142253
0.795,-5.9,-1.744767694734037,-1.7394194127991796,-1.735930378548801
0.8,-6.0,-1.7341678934171796,-1.728968077339232,-1.7252489002421498
0.805,-6.100000000000001,-1.7238430166617036,-1.7187732383608818,-1.7154122944921255
0.81,-6.200000000000003,-1.7138010980561376,-1.7088517425581813,-1.7054075933992863
0.8150000000000001,-6.300000000000001,-1.7041107695549726,-1.699238690547645,-1.695898906327784
0.8200000000000001,-6.400000000000002,-1.6946175480261445,-1.6898964950814843,-1.6867075497284532
0.8250000000000001,-6.5,-1.6853438429534435,-1.6808509342372417,-1.6776788821443915
0.8300000000000001,-6.600000000000001,-1.6764074731618166,-1.6719939382746816,-1.6687752418220043
0.835,-6.699999999999999,-1.6676568826660514,-1.6634130869060755,-1.6604409320279956
0.84,-6.800000000000001,-1.6591680105775595,-1.655022400431335,-1.6523374412208796
0.845,-6.899999999999999,-1.650895295664668,-1.646929214708507,-1.6437017237767577
0.85,-7.0,-1.6428326983004808,-1.6388891348615289,-1.6360854776576161
0.855,-7.100000000000001,-1.6349534839391708,-1.6312288017943501,-1.628474934026599
0.86,-7.199999999999999,-1.6273167412728071,-1.6237013461068273,-1.6211758526042104
0.865,-7.300000000000001,-1.6198342200368643,-1.6163191813975573,-1.6138330288231373
0.87,-7.399999999999999,-1.6125515457242727,-1.6091459728777409,-1.6065000966191292
0.875,-7.5,-1.6054448680952191,-1.6021680729463696,-1.5998059753328562
0.88,-7.600000000000001,-1.5985415233299136,-1.595379713922739,-1.5931181330233812
0.885,-7.699999999999999,-1.5917515885084867,-1.5887109814211726,-1.5865951348096132
0.89,-7.800000000000001,-1.5851387092843652,-1.5822307132184505,-1.5800683675333858
0.895,-7.899999999999999,-1.578703767620027,-1.575883966870606,-1.5740062249824405
0.9,-8.0,-1.5723793506622314,-1.5696898363530636,-1.567826776765287
0.905,-8.100000000000001,-1.56621468719095,-1.5636817710474133,-1.5619491385295987
0.91,-8.2,-1.5601968243718147,-1.557749779894948,-1.5562001634389162
0.915,-8.3,-1.5543195027858019,-1.5519694751128554,-1.5503639839589596
0.92,-8.400000000000002,-1.5485885497182608,-1.546325720846653,-1.5450765769928694
0.925,-8.5,-1.542913580313325,-1.5408318443223834,-1.5396339613944292
0.93,-8.600000000000001,-1.5374252395704389,-1.5354125741869211,-1.533981828019023
0.935,-8.700000000000003,-1.5320525504648685,-1.530076775699854,-1.5288993129506707
0.9400000000000001,-8.8,-1.526773932389915,-1.5249111894518137,-1.5239161727949977
0.9450000000000001,-8.900000000000002,-1.52158129401505,-1.5198858445510268,-1.5189466197043657
0.9500000000000001,-9.0,-1.5165463592857122,-1.5149369342252612,-1.5138202775269747
0.9550000000000001,-9.100000000000001,-1.5115911327302456,-1.5101118022575974,-1.5091846100986004
0.96,-9.2,-1.5067034140229225,-1.5052984226495028,-1.5044861668720841
0.965,-9.3,-1.5019227787852287,-1.500606625340879,-1.499974999576807
0.97,-9.399999999999999,-1.4973036563023925,-1.496049222536385,-1.4955611918121576
0.975,-9.5,-1.492729164659977,-1.491520145907998,-1.4909883188083768
0.98,-9.600000000000001,-1.4882267825305462,-1.4871471021324396,-1.4865154884755611
0.985,-9.7,-1.4838171182200313,-1.4828351456671953,-1.4823194537311792
0.99,-9.8,-1.479494258761406,-1.4785836087539792,-1.4781938223168254
0.995,-9.899999999999999,-1.475278351455927,-1.4744004234671593,-1.473956092260778
1.0,-10.0,-1.4710898958146572,-1.4702889248728752,-1.4700700100511312
1.0050000000000001,-9.899999999999999,-1.4670306965708733,-1.4662800375372171,-1.466186591424048
1.01,-9.8,-1.4629498422145844,-1.4622603030875325,-1.4618812361732125
1.0150000000000001,-9.699999999999998,-1.459027892909944,-1.458423531614244,-1.4582297848537564
1.02,-9.6,-1.4551349906250834,-1.4546247897669673,-1.4543674951419234
1.025,-9.500000000000002,-1.4513204507529736,-1.450783726759255,-1.4504817565903068
1.03,-9.399999999999999,-1.4475389383733273,-1.4471145942807198,-1.446983273141086
1.035,-9.3,-1.4438502425327897,-1.4434611704200506,-1.4433861020952463
1.04,-9.2,-1.4401638992130756,-1.4398287814110518,-1.4394138175994158
1.045,-9.100000000000001,-1.4366218037903309,-1.4363224161788821,-1.4363334095105529
1.05,-9.0,-1.433022202923894,-1.4327887734398246,-1.43274343945086
1.055,-8.900000000000002,-1.4295175792649388,-1.4293404314666986,-1.4291547667235136
1.06,-8.799999999999999,-1.426070585846901,-1.425869227387011,-1.4259871141985059
1.065,-8.700000000000001,-1.4226429825648665,-1.4225065987557173,-1.4221738679334521
1.07,-8.599999999999998,-1.4193288488313556,-1.4191734632477164,-1.4189429488033056
1.075,-8.5,-1.4159282576292753,-1.4158179992809892,-1.4158155797049403
1.08,-8.399999999999999,-1.4126862566918135,-1.4125349689275026,-1.4125275555998087
1.085,-8.3,-1.4093744214624166,-1.4092986024916172,-1.409161458723247
1.09,-8.2,-1.4061736706644297,-1.4060380719602108,-1.4058624459430575
1.095,-8.100000000000001,-1.4029494943097234,-1.402859864756465,-1.4027044670656323
1.1,-7.999999999999998,-1.3997569968923926,-1.3996850792318583,-1.3994690580293536
1.105,-7.9,-1.3965842323377728,-1.3965178783982992,-1.3962427033111453
1.11,-7.799999999999998,-1.3934449721127748,-1.393332339823246,-1.393031196668744
1.115,-7.7,-1.3903137240558863,-1.390226447954774,-1.390061124227941
1.12,-7.599999999999998,-1.3871713550761342,-1.3870118465274572,-1.386583304964006
1.125,-7.5,-1.384006766602397,-1.3839023495092988,-1.3836126467213035
1.1300000000000001,-7.399999999999998,-1.3809386882930994,-1.3807722488418221,-1.380353788845241
1.135,-7.3,-1.3777650287374854,-1.3776104366406798,-1.37692959792912
1.1400000000000001,-7.1999999999999975,-1.3746130606159568,-1.3744793040677905,-1.3740442357957363
1.145,-7.1,-1.3714988147839904,-1.3712678030133247,-1.3706657132133842
1.1500000000000001,-6.999999999999997,-1.368315888568759,-1.3680537939071655,-1.3672266732901335
1.155,-6.8999999999999995,-1.3651760341599584,-1.3648195397108793,-1.3641254547983408
1.16,-6.800000000000002,-1.3619126472622156,-1.3615402216091752,-1.360946380533278
1.165,-6.699999999999999,-1.3587075164541602,-1.3582442570477724,-1.3576192138716578
1.17,-6.600000000000001,-1.3553917398676276,-1.3548992797732353,-1.3539574919268489
1.175,-6.499999999999999,-1.3520910246297717,-1.3514750394970179,-1.3506426308304071
1.18,-6.400000000000001,-1.3486980907619,-1.3480170220136642,-1.3471425883471966
1.185,-6.299999999999999,-1.3452032012864947,-1.3445294573903084,-1.3433135226368904
1.19,-6.200000000000001,-1.3416730612516403,-1.3408703356981277,-1.3397843576967716
1.195,-6.099999999999999,-1.3380534471943974,-1.3371848715469241,-1.3359846584498882
1.2,-6.000000000000001,-1.3343806434422731,-1.3334152838215232,-1.332094807177782
1.205,-5.899999999999999,-1.3306067297235131,-1.3294507712125778,-1.3282199716195464
1.21,-5.800000000000001,-1.326669478788972,-1.325467063114047,-1.3240621089935303
1.215,-5.699999999999998,-1.3225904572755098,-1.3213082076981664,-1.319680642336607
1.22,-5.6000000000000005,-1.318409824743867,-1.3170105563476682,-1.3155372645705938
1.225,-5.499999999999998,-1.314028438180685,-1.3125244285911322,-1.3108866196125746
1.23,-5.4,-1.309510711580515,-1.3078714404255152,-1.306190274655819
1.235,-5.299999999999998,-1.3047572849318385,-1.3029909441247582,-1.3013737220317125
1.24,-5.2,-1.2997450605034828,-1.2978895585983992,-1.2962013352662325
1.245,-5.099999999999998,-1.2945883767679334,-1.2925718035548925,-1.2907775212079287
1.25,-5.0,-1.2890592785552144,-1.286997309885919,-1.2851693937554955
1.2550000000000001,-4.899999999999998,-1.2833637725561857,-1.281126232817769,-1.2792737623676658
1.26,-4.8,-1.2772620851173997,-1.2748837489634752,-1.2727705584838986
1.2650000000000001,-4.6999999999999975,-1.2707398803904653,-1.268306264653802,-1.2661926159635186
1.27,-4.6,-1.2639247020706534,-1.2613541102036834,-1.2590851578861475
1.2750000000000001,-4.499999999999997,-1.2566153928637505,-1.2539409697055817,-1.2515866793692112
1.28,-4.3999999999999995,-1.248874661512673,-1.2460855590179563,-1.243751605041325
1.285,-4.300000000000002,-1.2405865518376231,-1.2376536903902888,-1.2354704206809402
1.29,-4.199999999999999,-1.2316513936966658,-1.2287105824798346,-1.2262299992144108
1.295,-4.100000000000001,-1.2220937786623836,-1.2190999360755086,-1.2165080346167088
1.3,-3.999999999999999,-1.2118788212537766,-1.208779238164425,-1.2060090424492955
1.305,-3.9000000000000012,-1.2007934572175145,-1.1977461818605661,-1.1949797123670578
1.31,-3.799999999999999,-1.1888545965775847,-1.18581332731992,-1.1828934159129858
1.315,-3.700000000000001,-1.176009708084166,-1.1729541150853038,-1.1701269885525107
1.32,-3.5999999999999988,-1.162064103409648,-1.1590911829844117,-1.1558695547282696
1.325,-3.500000000000001,-1.1469498984515667,-1.1441160570830107,-1.140666550025344
1.33,-3.3999999999999986,-1.1305823447182775,-1.1278627021238208,-1.1243242155760527
1.335,-3.3000000000000007,-1.1128571359440684,-1.1102333404123783,-1.1065829833969474
1.34,-3.1999999999999984,-1.0935231344774365,-1.0912021342664957,-1.0871834103018045
1.345,-3.1000000000000005,-1.0726183000952005,-1.0704956762492657,-1.0662497002631426
1.35,-2.9999999999999982,-1.049849510192871,-1.048068176023662,-1.0434959707781672
1.355,-2.9000000000000004,-1.025111809372902,-1.0236634397879243,-1.0188157120719552
1.36,-2.799999999999998,-0.9982078815810382,-0.9972007172182202,-0.9920472889207304
1.365,-2.7,-0.9690217487514019,-0.9684416120871902,-0.9630844602361321
1.37,-2.599999999999998,-0.9374055275693536,-0.9373474512249231,-0.9314194805920124
1.375,-2.5,-0.903119127266109,-0.9036105913110077,-0.8976325104013085
1.3800000000000001,-2.3999999999999977,-0.8660888569429517,-0.8671349990181625,-0.860987092833966
1.385,-2.3,-0.8261222168803215,-0.8277363157831132,-0.8214831748045981
1.3900000000000001,-2.1999999999999975,-0.7831585961394012,-0.7853045649826527,-0.7787442314438522
1.395,-2.0999999999999996,-0.7369407825171947,-0.73970339121297,-0.7333537926897407
1.4000000000000001,-1.9999999999999964,-0.6875564502552152,-0.690921233035624,-0.6845333338715136
1.405,-1.8999999999999986,-0.6348800850100815,-0.6387422974221408,-0.6325521101243794
1.41,-1.8000000000000007,-0.5789235448464751,-0.5831747082993388,-0.5769843019079417
1.415,-1.6999999999999993,-0.5195591452065855,-0.5243640276603401,-0.5189144145697355
1.42,-1.6000000000000014,-0.4570076253730804,-0.4621418518945575,-0.45736634242348373
1.425,-1.5,-0.39128585322760046,-0.39679442974738777,-0.39252319117076695
1.43,-1.4000000000000021,-0.3225347469560802,-0.328269470250234,-0.3244468221673742
1.435,-1.299999999999999,-0.25093105353880674,-0.256896962528117,-0.25371938990429044
1.44,-1.200000000000001,-0.17659328019362874,-0.18277465418213978,-0.1801203717914177
1.445,-1.0999999999999979,-0.09981757631157961,-0.10615872059224785,-0.1039202526058034
1.45,-1.0,-0.02091225634831062,-0.02743406884779631,-0.025135570278962405
1.455,-0.8999999999999986,0.05977759946108563,0.0531803421145014,0.0559948808986519
1.46,-0.8000000000000007,0.14183655524175265,0.13511059109077905,0.13815924103619182
1.465,-0.6999999999999993,0.22489602082441706,0.21809767004742753,0.22187957653659396
1.47,-0.6000000000000014,0.30839628286776133,0.30153378650720697,0.30595080299826805
1.475,-0.4999999999999982,0.39183927509293426,0.38491439705831,0.39011890997790033
1.48,-0.40000000000000036,0.47455974473268725,0.46748139956616797,0.4738083100528456
1.485,-0.29999999999999716,0.5558485628571361,0.5487539417808875,0.5558131854049861
1.49,-0.1999999999999993,0.6350927168969065,0.6279594169463962,0.6361645730212331
1.495,-0.09999999999999787,0.7115336027927697,0.7043730632867664,0.7131792639847845
1.5,0.0,0.7844770948868245,0.7774378964677453,0.786913980729878
1.5050000000000001,0.10000000000000142,0.8533352613449097,0.8463595286011696,0.85660545155406
1.51,0.1999999999999993,0.9174009072594345,0.9106675535440445,0.9206917574629188
1.5150000000000001,0.3000000000000025,0.9763211612589657,0.9699674751609564,0.9795834715478122
1.52,0.40000000000000036,1.0297148223035038,1.023843731265515,1.0337685742415488
1.5250000000000001,0.5000000000000036,1.0775195956230164,1.0721066421829164,1.0815732022747397
1.53,0.6000000000000014,1.1197214666754007,1.11484070494771,1.1238043876364827
1.5350000000000001,0.7000000000000028,1.156498771160841,1.1521653356030583,1.1609589336439967
1.54,0.8000000000000007,1.187927602790296,1.1842025993391871,1.1930609531700611
1.545,0.8999999999999986,1.2142623886466026,1.2110944660380483,1.2192416125908494
1.55,1.0,1.2359402775764465,1.2330356780439615,1.2404900724068284
1.555,1.0999999999999979,1.252830191515386,1.25034648925066,1.2575542265549302
1.56,1.200000000000001,1.2653767811134458,1.2631777608767152,1.2696286626160145
1.565,1.299999999999999,1.273645056411624,1.271739232353866,1.2778991479426622
1.57,1.4000000000000021,1.2778243105858564,1.276067798025906,1.2814562926068902
1.575,1.5,1.278150220401585,1.2765649696812034,1.281027253717184
1.58,1.6000000000000014,1.2748280316591263,1.2733401786535978,1.2773438449949026
1.585,1.6999999999999993,1.268192222341895,1.2667721146717668,1.270082370378077
1.59,1.8000000000000007,1.2585117500275373,1.2571687744930387,1.259959178045392
1.595,1.8999999999999986,1.2461281325668097,1.2449133889749646,1.2468792386353016
1.6,2.0000000000000018,1.231460158713162,1.230377252213657,1.2316341353580356
1.605,2.0999999999999996,1.2148366533219814,1.2138167405501008,1.2143590776249766
1.61,2.200000000000003,1.196606851182878,1.195719107054174,1.1954567739740014
1.615,2.3000000000000007,1.1771042728796601,1.1763082472607493,1.175540811382234
1.62,2.400000000000002,1.1565940892323852,1.156019832007587,1.1545026116073132
1.625,2.5,1.1353231808170676,1.13496473710984,1.132670129649341
1.6300000000000001,2.6000000000000014,1.1135763954371214,1.1133756814524531,1.1106079472228885
1.635,2.6999999999999993,1.0915964106097817,1.0915696816518903,1.0881575336679816
1.6400000000000001,2.8000000000000025,1.0694184601306915,1.0696910144761205,1.0656982883810997
1.645,2.9000000000000004,1.047312617301941,1.0478416047990322,1.0433806171640754
1.6500000000000001,3.0000000000000036,1.0252919318154454,1.0261225998401642,1.0211959797888994
1.655,3.1000000000000014,1.003508827649057,1.004573562182486,0.9991567758843303
1.6600000000000001,3.200000000000003,0.9820741238072515,0.9833794692531228,0.9776360932737589
1.665,3.3000000000000007,0.9608385032042861,0.9624970583245158,0.9565098034217954
1.67,3.3999999999999986,0.9400875829160213,0.9419937040656805,0.9356655143201351
1.675,3.5,0.9197152312844992,0.9219230990856886,0.9154867278411984
1.68,3.599999999999998,0.8998271012678742,0.9023208972066641,0.8956352565437555
1.685,3.700000000000001,0.8803265141323209,0.8831642689183354,0.8763172132894397
1.69,3.799999999999999,0.8613573051989079,0.8643973981961608,0.8575726631097496
1.695,3.900000000000002,0.8428523098118603,0.8461868604645133,0.8392198663204908
1.7,4.0,0.8248326200991869,0.8283376442268491,0.8212930588051677
1.705,4.100000000000001,0.8072802475653589,0.8110396689735353,0.8040281534194946
1.71,4.199999999999999,0.7902833875268698,0.7942048823460937,0.7873111572116613
1.715,4.300000000000001,0.7737549156881869,0.7778361951932311,0.770888333208859
1.72,4.399999999999999,0.7577376500703394,0.7619520789012313,0.7551385355181992
1.725,4.500000000000002,0.7422104883007705,0.7465517232194543,0.7398082283325493
1.73,4.6,0.7271780134178698,0.7315245973877609,0.7249265601858497
1.735,4.700000000000003,0.7125889440067112,0.7170298211276531,0.7105190707370639
1.74,4.800000000000001,0.6984479585662484,0.7029388821683824,0.6966771031729877
1.745,4.900000000000002,0.6847936441190541,0.6892935414798558,0.6830768608488142
1.75,5.0,0.6715934900566936,0.676097602583468,0.6701091332361102
1.7550000000000001,5.100000000000001,0.6588374990969896,0.6632678550668061,0.6575790359638631
1.76,5.199999999999999,0.6465317723341286,0.6508396589197218,0.6454425449483097
1.7650000000000001,5.3000000000000025,0.6345279905945063,0.6388441785238683,0.6335739227943122
1.77,5.4,0.6229270743206143,0.6271505779586732,0.6221591201610863
1.7750000000000001,5.5000000000000036,0.6116989417932928,0.6158427516929805,0.6111051258631051
1.78,5.600000000000001,0.6009611426852643,0.6049864985980093,0.6003538393415511
1.7850000000000001,5.700000000000003,0.5904320762492716,0.5943264849483967,0.5901141325011849
1.79,5.800000000000001,0.5802425984293222,0.5840432900004089,0.5801135692745447
1.795,5.899999999999999,0.5703806327655911,0.5740049658343196,0.5702865645289421
1.8,6.0,0.5608340753242373,0.5643061539158225,0.5608452679589391
1.805,6.099999999999998,0.5515495743602514,0.5549087072722614,0.5517509831115603
1.81,6.200000000000003,0.5425792406313121,0.5457069496624172,0.5428391047753394
1.815,6.299999999999997,0.5337069435045123,0.5368404174223542,0.534213540609926
1.82,6.400000000000002,0.5252926619723439,0.5281835505738854,0.5258055664598942
1.825,6.5,0.5169939356856048,0.519750053063035,0.5175508875399828
1.83,6.600000000000001,0.5089491815306246,0.5115827401168644,0.5096391243860126
1.835,6.699999999999999,0.5010778489522636,0.5035937991924584,0.5019012009724975
1.84,6.800000000000001,0.49344031093642116,0.4958244701847434,0.49433700228109956
1.845,6.899999999999999,0.48601119546219707,0.4882318149320781,0.4869729853235185
1.85,7.0,0.4787224633619189,0.4808717300184071,0.47982446011155844
1.855,7.100000000000001,0.47168826730921865,0.47366827074438334,0.47276086546480656
1.86,7.200000000000003,0.46476261178031564,0.4666583826765418,0.4660355132073164
1.865,7.300000000000001,0.45804944541305304,0.459848933853209,0.4592178142629564
1.87,7.400000000000002,0.4515018882229924,0.45319070015102625,0.4526993650943041
1.875,7.5,0.4450871264562011,0.4466863244306296,0.4463509840425104
1.8800000000000001,7.600000000000001,0.43875300022773445,0.4403874205891043,0.4401972331106663
1.885,7.699999999999999,0.4326697082724422,0.4342011958360672,0.43416130100376904
1.8900000000000001,7.800000000000004,0.4266965757124126,0.4281642416026443,0.42816156055778265
1.895,7.899999999999999,0.42089388868771493,0.42233877535909414,0.42232873965986073
1.9000000000000001,8.000000000000004,0.41522909398190677,0.4166272128932178,0.41677883826196194
1.905,8.100000000000001,0.40965655469335616,0.4111133865080774,0.41115505318157375
1.9100000000000001,8.200000000000003,0.40431214845739305,0.405692832544446,0.40565111045725644
1.915,8.3,0.3990413954015821,0.40043046534992754,0.40051279263570905
1.92,8.399999999999999,0.3939072291832417,0.39531525899656117,0.39534129155799747
1.925,8.5,0.38894156040623784,0.3903613928705454,0.3903340455144644
1.93,8.599999999999998,0.38409468228928745,0.3855206575244665,0.3854113915003836
1.935,8.700000000000003,0.3793790270574391,0.3808198233600706,0.3806271415669471
1.94,8.799999999999997,0.3748209110926837,0.37629330018535256,0.3760531865991652
1.945,8.900000000000002,0.37035617628134787,0.3718874908518046,0.3714908536057919
1.95,9.0,0.3660111981444061,0.36758983111940324,0.3671283640433103
1.955,9.100000000000001,0.3618433722294867,0.36346512264572084,0.3627778619993478
1.96,9.2,0.3577234123367816,0.35939842369407415,0.3587438294198364
1.965,9.3,0.35380947683006525,0.35551504441536963,0.35470972466282547
1.97,9.399999999999999,0.35001681675203145,0.3517605885863304,0.35081763355992734
1.975,9.5,0.3462476509157568,0.3481192234903574,0.3470032636541873
1.98,9.600000000000001,0.34268792159855366,0.3445910238660872,0.34334689495153725
1.985,9.700000000000003,0.3391857757233083,0.3411641186103225,0.3398137358017266
1.99,9.8,0.3358153314329684,0.3379050057847053,0.33636449300684035
1.995,9.900000000000002,0.3325844183564186,0.33468772284686565,0.33307081810198724
