,Time,J_0,J_1,J_2
0,0.0,-0.06384477773099206,-0.036927879425093124,-0.0693504705268424
1,0.001001001001001001,-0.06422669492894784,-0.03767656938362052,-0.07010475633433089
2,0.002002002002002002,-0.06454153469530866,-0.038451412653131456,-0.07075304523459636
3,0.003003003003003003,-0.06479890446644276,-0.039141052796139775,-0.07114529935643077
4,0.004004004004004004,-0.06499728027847596,-0.039793536222987314,-0.07155811035772786
5,0.005005005005005005,-0.0651097269874299,-0.04030973187855125,-0.07176992707536556
6,0.006006006006006006,-0.06522819347446784,-0.04083584212708047,-0.07187556536518969
7,0.007007007007007007,-0.06523123521765228,-0.04122268407127194,-0.07189727359218523
8,0.008008008008008008,-0.06516263817320578,-0.04158216072681853,-0.07180604984750971
9,0.009009009009009009,-0.06503808851994108,-0.04182311057593324,-0.07162664592033252
10,0.01001001001001001,-0.06487899736384861,-0.042008533113403246,-0.07128249600646086
11,0.011011011011011011,-0.06461031577782705,-0.04208011235459708,-0.07095099409343675
12,0.012012012012012012,-0.06423156145319808,-0.042135333107580664,-0.07042889841250144
13,0.013013013013013013,-0.06382580488570966,-0.04201346048284904,-0.06989950512070209
14,0.014014014014014014,-0.06335339417273644,-0.04184664475178579,-0.0692746929707937
15,0.015015015015015015,-0.06281001238676254,-0.04165258513967274,-0.06852922306279652
16,0.016016016016016016,-0.06223227275768295,-0.04130344725854229,-0.06776174064725637
17,0.017017017017017015,-0.06150668933696579,-0.04091879200859694,-0.06693538778927177
18,0.018018018018018018,-0.06080190671491437,-0.04047770357283298,-0.06603447694214992
19,0.01901901901901902,-0.05999933289422188,-0.03996612792252563,-0.06507554865675047
20,0.02002002002002002,-0.05915522311988752,-0.03940979452454485,-0.06406930595403537
21,0.02102102102102102,-0.058255345196812414,-0.03880565907456912,-0.06300656552775763
22,0.022022022022022022,-0.05730523467354942,-0.03815086379472632,-0.06195057951845229
23,0.023023023023023025,-0.05633621214656159,-0.03745775669813156,-0.06081230778363533
24,0.024024024024024024,-0.05533465171174612,-0.036740082505275495,-0.05965396610554308
25,0.025025025025025023,-0.05428620264865458,-0.03597503056516871,-0.05841553435311653
26,0.026026026026026026,-0.05321136213024147,-0.03521083063969854,-0.057212797953980044
27,0.02702702702702703,-0.052155981175019406,-0.034462016468751244,-0.05597436192329042
28,0.028028028028028028,-0.05102032268769108,-0.033650381679763086,-0.054715618083719164
29,0.029029029029029027,-0.04992504844267387,-0.032831023694598116,-0.05344963553943671
30,0.03003003003003003,-0.048838530070497654,-0.032003578016883694,-0.05212551183649339
31,0.031031031031031032,-0.04770786078006495,-0.031219979035086,-0.05082389310700819
32,0.03203203203203203,-0.04661684043821879,-0.030402748758206144,-0.04949387125088833
33,0.03303303303303303,-0.045530321935075335,-0.029608567710965872,-0.0481909726804588
34,0.03403403403403403,-0.04442659253254533,-0.02883396839024499,-0.04697278952517081
35,0.035035035035035036,-0.04333758165012114,-0.028039542870828882,-0.045660343050258234
36,0.036036036036036036,-0.0422790392767638,-0.027244630735367537,-0.044424160645576194
37,0.037037037037037035,-0.041202373409760185,-0.026490283256862313,-0.043160060682566836
38,0.03803803803803804,-0.0401754537015222,-0.025717446944327094,-0.04190520814154297
39,0.03903903903903904,-0.03910742395964917,-0.024985844887851272,-0.040690797846764326
40,0.04004004004004004,-0.03811449916975107,-0.024254789321275894,-0.039470303076086566
41,0.04104104104104104,-0.037071402664878406,-0.023483109631342813,-0.038295786041999236
42,0.04204204204204204,-0.03609197789046448,-0.022744027599401306,-0.03713239853095729
43,0.043043043043043044,-0.03507387595891487,-0.02198907196725486,-0.03592990744073177
44,0.044044044044044044,-0.03409718912735116,-0.021231379265373107,-0.034813771686458495
45,0.04504504504504504,-0.03307543789560441,-0.020515588392299833,-0.03366114718664903
46,0.04604604604604605,-0.032056848212960176,-0.019729617139091715,-0.03249039994989289
47,0.04704704704704705,-0.03100201398774516,-0.018938295648695203,-0.03139421186642721
48,0.04804804804804805,-0.029949127216241322,-0.01814837088204513,-0.030220180640753824
49,0.04904904904904905,-0.028885414998512715,-0.017317701293450227,-0.02907856442470802
50,0.050050050050050046,-0.0278056479874067,-0.016436798856119594,-0.02790276981977513
51,0.05105105105105105,-0.02665886387694627,-0.015554922759861256,-0.02672831341260462
52,0.05205205205205205,-0.025492008979199454,-0.014670978709773408,-0.02555410077184206
53,0.05305305305305305,-0.024274312498164363,-0.013621192100231383,-0.02424463450006442
54,0.05405405405405406,-0.022984490453382023,-0.01259567085406843,-0.023000849274922075
55,0.055055055055055056,-0.021605330577585846,-0.011463358941455226,-0.021676665991947175
56,0.056056056056056056,-0.020168275623291265,-0.010249737742640264,-0.020270201206130878
57,0.057057057057057055,-0.01861780088074738,-0.008997620030186226,-0.018741862931619835
58,0.058058058058058054,-0.016951961151789874,-0.007593890918542456,-0.01717065019988695
59,0.05905905905905906,-0.015163760272116633,-0.006091398848184326,-0.01552129020240045
60,0.06006006006006006,-0.013263234966871096,-0.004476643113207501,-0.013726157065775624
61,0.06106106106106106,-0.011183184471093455,-0.0027363645326801134,-0.011816996262496104
62,0.062062062062062065,-0.008919837333735359,-0.0008254405310310631,-0.00965356841720677
63,0.06306306306306306,-0.006423934713410517,0.0012786926332069015,-0.007414304807070948
64,0.06406406406406406,-0.0036996721685227385,0.0035810828867397504,-0.004927889061036694
65,0.06506506506506507,-0.0007265553930437818,0.006123873722714279,-0.00220782300175415
66,0.06606606606606606,0.0025699750635510554,0.008910653988095874,0.0007450429601476571
67,0.06706706706706707,0.006197824725376222,0.01199919790263948,0.004064318078718543
68,0.06806806806806806,0.01022407262465208,0.01538670732999492,0.007644853369697557
69,0.06906906906906907,0.014690863124997122,0.019191406613401796,0.011718901396761794
70,0.07007007007007007,0.019679141263623023,0.023464988134946907,0.016225891425676764
71,0.07107107107107107,0.025213233253452927,0.0281021822229377,0.021246036736329188
72,0.07207207207207207,0.031457884921110235,0.03337324936728692,0.026888986569360895
73,0.07307307307307308,0.038487961784994695,0.03925745152082527,0.03316410746265319
74,0.07407407407407407,0.046388296876102686,0.04588110311306082,0.04037650646205293
75,0.07507507507507508,0.05536505959753413,0.053310792456613854,0.04850538555183448
76,0.07607607607607608,0.0655595139687648,0.061808028258383274,0.05782203748822212
77,0.07707707707707707,0.07731776390573941,0.0714262642286485,0.06830402782361489
78,0.07807807807807808,0.09077870845794678,0.08246172685176134,0.08065479376818985
79,0.07907907907907907,0.1063706015702337,0.09511066949926317,0.09480331477243453
80,0.08008008008008008,0.12453380989609286,0.10975549736758694,0.111364475247683
81,0.08108108108108109,0.1459275676170364,0.12679120260872878,0.13097270636353642
82,0.08208208208208208,0.17133133299648762,0.14677678915904835,0.154196506482549
83,0.08308308308308308,0.20179252623347566,0.1703483203309588,0.1821997397346422
84,0.08408408408408408,0.23869023972656578,0.19852117547998205,0.216201268020086
85,0.08508508508508508,0.2839954846422188,0.23255201493157074,0.25811973499367014
86,0.08608608608608609,0.3402461236109957,0.2739333575591445,0.3102103407145478
87,0.08708708708708708,0.41122990439180285,0.3250347513239831,0.3764440508093685
88,0.08808808808808809,0.5018470290815458,0.38896862778346986,0.4614569457480684
89,0.0890890890890891,0.6191386438440531,0.4699526686454192,0.5732063916511834
90,0.09009009009009009,0.7722351751290262,0.5739038765896112,0.7204753605183214
91,0.09109109109109109,0.9730161433108151,0.7093875058926642,0.9175400411477312
92,0.0920920920920921,1.235146914375946,0.8873616014607251,1.181616197573021
93,0.09309309309309309,1.5715092106256634,1.1231065392494202,1.5317633475642651
94,0.0940940940940941,1.9886013492941856,1.4344886757899076,1.9821056937798858
95,0.09509509509509509,2.4782229769043624,1.8377754208631814,2.5246852398850024
96,0.0960960960960961,3.012446428183466,2.3399430396966636,3.129163854755461
97,0.0970970970970971,3.5475907726213336,2.9236503788270056,3.732938826084137
98,0.0980980980980981,4.039895851165056,3.541357919573784,4.276008774060756
99,0.0990990990990991,4.461208339780569,4.128730811178684,4.725391368381679
100,0.10010010010010009,4.799799676053226,4.631866565905511,5.07091925945133
101,0.1011011011011011,5.0569909596815705,5.026679486036301,5.318505513481796
102,0.1021021021021021,5.241654762998223,5.3132910542190075,5.482886241748929
103,0.1031031031031031,5.365489300340414,5.506795082241297,5.582314182072878
104,0.1041041041041041,5.441119773313403,5.623734792694449,5.6332094967365265
105,0.10510510510510511,5.479618139564991,5.68211261741817,5.646829724311829
106,0.1061061061061061,5.490250976756215,5.6975655015558,5.631474275141954
107,0.10710710710710711,5.479552136734128,5.681973103433847,5.597030743956566
108,0.10810810810810811,5.453054932877421,5.64359469152987,5.546304913237691
109,0.1091091091091091,5.414256140589714,5.589557519182563,5.4848579205572605
110,0.11011011011011011,5.365798242390156,5.523928865790367,5.4150076769292355
111,0.1111111111111111,5.30998251773417,5.44910847581923,5.33780475333333
112,0.11211211211211211,5.2486120741814375,5.367777844890952,5.257151244208217
113,0.11311311311311312,5.1827696822583675,5.282093228772283,5.1706907376646996
114,0.11411411411411411,5.113624434918165,5.192890156060457,5.083299867808819
115,0.11511511511511512,5.042052056640387,5.101102948188782,4.996515840291977
116,0.11611611611611611,4.968917898833752,5.008520878851414,4.90850648842752
117,0.11711711711711711,4.895225008949637,4.915140649303794,4.821136511862278
118,0.11811811811811812,4.82126135379076,4.822091791778803,4.733611300587654
119,0.11911911911911911,4.747558228671551,4.730695465579629,4.650209203362465
120,0.12012012012012012,4.674924872815609,4.640336416661739,4.568070162087679
121,0.12112112112112113,4.603242000564933,4.55207179300487,4.487085312604904
122,0.12212212212212212,4.533114019781351,4.466589136049151,4.409554248675704
123,0.12312312312312312,4.464901579543948,4.3834741078317165,4.333880757912993
124,0.12412412412412413,4.398314801976085,4.303451471030712,4.263735719025135
125,0.12512512512512514,4.333933724090457,4.226602865383029,4.194044778123498
126,0.12612612612612611,4.271495286375284,4.1526855658739805,4.127691920846701
127,0.12712712712712712,4.211034752428532,4.081851426512003,4.065123004838824
128,0.12812812812812813,4.153012249618769,4.014091981574893,4.003265691921115
129,0.12912912912912913,4.096806555986404,3.9491732511669397,3.9467945359647274
130,0.13013013013013014,4.042601564899087,3.8872416354715824,3.8898350168019533
131,0.13113113113113112,3.9903215896338224,3.8280283361673355,3.835030522197485
132,0.13213213213213212,3.9400056321173906,3.771553600206971,3.784860910847783
133,0.13313313313313313,3.8914898354560137,3.7171639129519463,3.7344239354133606
134,0.13413413413413414,3.8445212952792645,3.665396109223366,3.6881889440119267
135,0.13513513513513514,3.7994581926614046,3.6159896478056908,3.6425852682441473
136,0.13613613613613612,3.7558698914945126,3.5684748869389296,3.598331321030855
137,0.13713713713713713,3.7137836683541536,3.522948009893298,3.556303111836314
138,0.13813813813813813,3.6730443984270096,3.4794344063848257,3.5162947345525026
139,0.13913913913913914,3.6337093990296125,3.437485910952091,3.4783274922519922
140,0.14014014014014015,3.5957526471465826,3.397118765860796,3.4398711435496807
141,0.14114114114114115,3.558940315619111,3.35858497582376,3.4033530596643686
142,0.14214214214214213,3.5231450647115707,3.320986621081829,3.3685530740767717
143,0.14314314314314314,3.4887518007308245,3.284983668476343,3.333287626504898
144,0.14414414414414414,3.4552345033735037,3.2503027748316526,3.3016374818980694
145,0.14514514514514515,3.4226787090301514,3.216803304851055,3.269434191286564
146,0.14614614614614616,3.3912201020866632,3.1844924241304398,3.2387875355780125
147,0.14714714714714713,3.360486591234803,3.1532673873007298,3.2094860393553972
148,0.14814814814814814,3.330584589391947,3.1229141242802143,3.1790320575237274
149,0.14914914914914915,3.301641657948494,3.093505375087261,3.152431407943368
150,0.15015015015015015,3.2734154108911753,3.0651002172380686,3.1251302659511566
151,0.15115115115115116,3.2460705656558275,3.0377076771110296,3.0987501610070467
152,0.15215215215215216,3.2193135898560286,3.0108784064650536,3.0729322750121355
153,0.15315315315315314,3.193291772156954,2.9849532544612885,3.0479412525892258
154,0.15415415415415415,3.1679125521332026,2.9597865249961615,3.0230187959969044
155,0.15515515515515516,3.1431013233959675,2.9351340420544147,2.999428264796734
156,0.15615615615615616,3.119119830429554,2.9115724209696054,2.9766062162816525
157,0.15715715715715717,3.0954947657883167,2.888243827968836,2.9536738991737366
158,0.15815815815815815,3.0725545790046453,2.8656713981181383,2.932177670300007
159,0.15915915915915915,3.0500314254313707,2.8437153678387403,2.9117657765746117
160,0.16016016016016016,3.028222007676959,2.822445994243026,2.8899175692349672
161,0.16116116116116116,3.00680866651237,2.801400063559413,2.8700958136469126
162,0.16216216216216217,2.985860552638769,2.78112911619246,2.8503717184066772
163,0.16316316316316315,2.9655041452497244,2.761337138712406,2.8301154784858227
164,0.16416416416416416,2.945528421550989,2.7419500444084406,2.8119457848370075
165,0.16516516516516516,2.9259464982897043,2.723131636157632,2.79332691244781
166,0.16616616616616617,2.9067303631454706,2.704724522307515,2.775596246123314
167,0.16716716716716717,2.888144016265869,2.68659077771008,2.757465362548828
168,0.16816816816816815,2.8699414618313313,2.669107163324952,2.7397852651774883
169,0.16916916916916916,2.852055609226227,2.651933467015624,2.7231848780065775
170,0.17017017017017017,2.8346120938658714,2.635259158909321,2.707348022609949
171,0.17117117117117117,2.817396877333522,2.6188067365437746,2.6909132953733206
172,0.17217217217217218,2.80051152408123,2.6029169112443924,2.6747898794710636
173,0.17317317317317318,2.7842282373458147,2.5871050506830215,2.659730752930045
174,0.17417417417417416,2.768075291067362,2.5716865099966526,2.644553614780307
175,0.17517517517517517,2.7523388732224703,2.5568422582000494,2.6298497579991817
176,0.17617617617617617,2.7367730643600225,2.541970256716013,2.6158680971711874
177,0.17717717717717718,2.721758058294654,2.527496661990881,2.601206848397851
178,0.1781781781781782,2.706726338714361,2.513563407585025,2.587118783965707
179,0.17917917917917917,2.692245975136757,2.499755499884486,2.573684971779585
180,0.18018018018018017,2.6779396776109934,2.486164903268218,2.560841416940093
181,0.18118118118118118,2.663992416113615,2.4729667212814093,2.547876348719001
182,0.18218218218218218,2.6502472274005413,2.4599950164556503,2.534483950585127
183,0.1831831831831832,2.6367034930735826,2.447139758616686,2.5221293568611145
184,0.1841841841841842,2.6235208064317703,2.434682594612241,2.5090760309249163
185,0.18518518518518517,2.6105214059352875,2.4224851857870817,2.497902747243643
186,0.18618618618618618,2.597739903256297,2.4104221556335688,2.4864232130348682
187,0.1871871871871872,2.585284585133195,2.3987195212394,2.474369263276458
188,0.1881881881881882,2.572905955836177,2.387183776125312,2.4627637211233377
189,0.1891891891891892,2.560894837602973,2.3755930196493864,2.450442945584655
190,0.19019019019019018,2.5490547362715006,2.3645300157368183,2.4399895891547203
191,0.19119119119119118,2.537259828299284,2.3536116778850555,2.429183902218938
192,0.1921921921921922,2.525837190449238,2.34291223436594,2.418962426483631
193,0.1931931931931932,2.514521999284625,2.332259964197874,2.408498503267765
194,0.1941941941941942,2.5034842249006033,2.32191620208323,2.397244332358241
195,0.19519519519519518,2.492681212723255,2.311696710065007,2.3880807757377625
196,0.1961961961961962,2.4819169528782368,2.3016240522265434,2.3779131192713976
197,0.1971971971971972,2.4713473469018936,2.2919546458870173,2.367959814146161
198,0.1981981981981982,2.4609358087182045,2.2820653300732374,2.3585839942097664
199,0.1991991991991992,2.4507616721093655,2.272624935954809,2.348434979096055
200,0.20020020020020018,2.440754232928157,2.2633002307265997,2.3395501915365458
201,0.2012012012012012,2.430884949862957,2.254001248627901,2.330019311979413
202,0.2022022022022022,2.4211682491004467,2.2449978087097406,2.3203179221600294
203,0.2032032032032032,2.4116930291056633,2.2361729089170694,2.312976086512208
204,0.2042042042042042,2.40224046446383,2.2272093314677477,2.303224889561534
205,0.20520520520520522,2.392916927114129,2.218466503545642,2.2959291599690914
206,0.2062062062062062,2.3839312344789505,2.210227243602276,2.2859469931572676
207,0.2072072072072072,2.3748424872756004,2.201873967424035,2.277721608057618
208,0.2082082082082082,2.3659689966589212,2.1935371179133654,2.270231144502759
209,0.2092092092092092,2.3572743609547615,2.1854766085743904,2.261382320895791
210,0.21021021021021022,2.3487459272146225,2.1773792430758476,2.2537946067750454
211,0.2112112112112112,2.3402404002845287,2.1694007050246,2.24525841511786
212,0.2122122122122122,2.331780780106783,2.1616986710578203,2.2376795634627342
213,0.2132132132132132,2.323664426803589,2.1541189569979906,2.230685668066144
214,0.21421421421421422,2.3154248632490635,2.146483391523361,2.2226066570729017
215,0.21521521521521522,2.3074916917830706,2.138952722772956,2.215646969154477
216,0.21621621621621623,2.2995604779571295,2.1317789684981108,2.2077601328492165
217,0.2172172172172172,2.291858345270157,2.1244215723127127,2.200307684019208
218,0.2182182182182182,2.2840908523648977,2.117329753935337,2.193776834756136
219,0.21921921921921922,2.276503950357437,2.1103812847286463,2.186121156439185
220,0.22022022022022023,2.269112152978778,2.1033089347183704,2.1793850250542164
221,0.22122122122122123,2.2617215793579817,2.096513980999589,2.1721162274479866
222,0.2222222222222222,2.2544449474662542,2.0896874982863665,2.165615901350975
223,0.22322322322322322,2.24726808257401,2.0830914601683617,2.159576006233692
224,0.22422422422422422,2.240157501772046,2.0764134358614683,2.1524535473436117
225,0.22522522522522523,2.2331099081784487,2.069858655333519,2.1462580040097237
226,0.22622622622622623,2.226133434101939,2.0635753218084574,2.1389140002429485
227,0.2272272272272272,2.21933725848794,2.057099958881736,2.133572746068239
228,0.22822822822822822,2.212590927258134,2.051030483096838,2.1271301303058863
229,0.22922922922922923,2.205944001674652,2.0447418661788106,2.1202364824712276
230,0.23023023023023023,2.199329547584057,2.0385767351835966,2.1142941247671843
231,0.23123123123123124,2.1928315348923206,2.032610003836453,2.107931846752763
232,0.23223223223223222,2.1863660775125027,2.026620606891811,2.1023687310516834
233,0.23323323323323322,2.180035436525941,2.0207260381430387,2.096569634974003
234,0.23423423423423423,2.1737593729048967,2.0149881606921554,2.0901644695550203
235,0.23523523523523523,2.167530946433544,2.009114220738411,2.08451609313488
236,0.23623623623623624,2.1613934002816677,2.0035717329010367,2.079021039418876
237,0.23723723723723725,2.155286317691207,1.9978615352883935,2.0733205899596214
238,0.23823823823823823,2.1494070179760456,1.992404354736209,2.067472957074642
239,0.23923923923923923,2.1433886904269457,1.986673317849636,2.061664065346122
240,0.24024024024024024,2.1375731471925974,1.9813423547893763,2.056678413413465
241,0.24124124124124124,2.1317364014685154,1.9761091796681285,2.050854961387813
242,0.24224224224224225,2.1259719748049974,1.970680970698595,2.0458816569298506
243,0.24324324324324323,2.120450746268034,1.965575521811843,2.0404420141130686
244,0.24424424424424424,2.1147127095609903,1.9603912895545363,2.0344636598601937
245,0.24524524524524524,2.1091784220188856,1.9550723442807794,2.0298628760501742
246,0.24624624624624625,2.1037123315036297,1.9500982044264674,2.0249337116256356
247,0.24724724724724725,2.0982593838125467,1.944997333921492,2.019772498868406
248,0.24824824824824826,2.092906765639782,1.9400623012334108,2.014151464216411
249,0.24924924924924924,2.087508413940668,1.935134788043797,2.0091474084183574
250,0.2502502502502503,2.0821965150535107,1.93018255289644,2.0046040266752243
251,0.25125125125125125,2.0770187973976135,1.9252693755552173,1.9996404461562634
252,0.25225225225225223,2.07191969640553,1.920508305542171,1.9949546102434397
253,0.25325325325325326,2.066694149747491,1.9159257803112268,1.9899363005533814
254,0.25425425425425424,2.0616954509168863,1.9111150642856956,1.9848050475120544
255,0.2552552552552553,2.056651061400771,1.9065364925190806,1.9805919649079442
256,0.25625625625625625,2.0517401434481144,1.9019163316115737,1.9752881256863475
257,0.25725725725725723,2.0467483615502715,1.897420359775424,1.9709361363202333
258,0.25825825825825827,2.0419307854026556,1.8929111016914248,1.966168638318777
259,0.25925925925925924,2.0371172418817878,1.8884049467742443,1.9613996045663953
260,0.2602602602602603,2.032336438074708,1.8839653385803103,1.9572005709633231
261,0.26126126126126126,2.027643345296383,1.8795441277325153,1.9531114399433136
262,0.26226226226226224,2.022877911105752,1.8753191521391273,1.9487576242536306
263,0.26326326326326327,2.0182046350091696,1.8711252491921186,1.9437571931630373
264,0.26426426426426425,2.0136902034282684,1.8666827250272036,1.9389274194836617
265,0.2652652652652653,2.0091252820566297,1.8624856192618608,1.9352601617574692
266,0.26626626626626626,2.004604837857187,1.8582540890201926,1.9308906234800816
267,0.26726726726726724,2.000075848773122,1.8541482957080007,1.9269655914977193
268,0.2682682682682683,1.9956027194857597,1.8499989034608006,1.9225068101659417
269,0.26926926926926925,1.9912917502224445,1.8460942124947906,1.9183906996622682
270,0.2702702702702703,1.9868809189647436,1.8419590648263693,1.9142619892954826
271,0.27127127127127126,1.9826655201613903,1.8379605300724506,1.910308982245624
272,0.27227227227227224,1.9782989984378219,1.8339793179184198,1.9062085514888167
273,0.2732732732732733,1.9740851568058133,1.8299308409914374,1.9020197046920657
274,0.27427427427427425,1.9698449755087495,1.8262405367568135,1.898490379564464
275,0.2752752752752753,1.965729434043169,1.8223387952893972,1.8938977885991335
276,0.27627627627627627,1.9616249231621623,1.8184138489887118,1.889578852802515
277,0.2772772772772773,1.9574751229956746,1.814670822583139,1.8859738390892744
278,0.2782782782782783,1.9533946486189961,1.810986408032477,1.882212383672595
279,0.27927927927927926,1.9494018983095884,1.8071662718430161,1.8785274075344205
280,0.2802802802802803,1.9453863855451345,1.8035717830061913,1.874488702043891
281,0.28128128128128127,1.941423305310309,1.799810018390417,1.8710085516795516
282,0.2822822822822823,1.9374520629644394,1.7961992649361491,1.8667502738535404
283,0.2832832832832833,1.9336423464119434,1.7924674255773425,1.863171393983066
284,0.28428428428428426,1.929791521281004,1.7891459986567497,1.8597566923126578
285,0.2852852852852853,1.9257875932380557,1.7853648401796818,1.855269911698997
286,0.2862862862862863,1.9221268715336919,1.7818180564790964,1.8524423008784652
287,0.2872872872872873,1.9182237023487687,1.778439880348742,1.8482872936874628
288,0.2882882882882883,1.9146415125578642,1.774994507431984,1.8447251245379448
289,0.28928928928928926,1.9108352409675717,1.7714318269863725,1.8417817018926144
290,0.2902902902902903,1.9071213658899069,1.7681459346786141,1.837331760674715
291,0.2912912912912913,1.9035450126975775,1.7647968102246523,1.8346254508942366
292,0.2922922922922923,1.8998751854524016,1.761349500156939,1.8305445574223995
293,0.2932932932932933,1.8962703822180629,1.7579083386808634,1.8274448029696941
294,0.29429429429429427,1.8926882958039641,1.7547944076359272,1.824286482296884
295,0.2952952952952953,1.8891990082338452,1.751372535713017,1.8203860837966204
296,0.2962962962962963,1.8857464315369725,1.7481317901983857,1.8176481584087014
297,0.2972972972972973,1.8822227623313665,1.744999106042087,1.8136830171570182
298,0.2982982982982983,1.8786537256091833,1.7417292026802897,1.810218945145607
299,0.29929929929929927,1.875264199450612,1.7384838238358498,1.8070867769420147
300,0.3003003003003003,1.8718971638008952,1.7354322001338005,1.8032603487372398
301,0.3013013013013013,1.868508042767644,1.7322281952947378,1.8010740643367171
302,0.3023023023023023,1.865139133296907,1.7290540225803852,1.7971904147416353
303,0.3033033033033033,1.8619095999747515,1.726097178645432,1.7937929555773735
304,0.30430430430430433,1.8584979977458715,1.7229977613314986,1.7912641605362296
305,0.3053053053053053,1.8552098078653216,1.7199516408145428,1.7872400591149926
306,0.3063063063063063,1.851958667859435,1.7169421343132854,1.7849107831716537
307,0.3073073073073073,1.8486756766214967,1.7138639241456985,1.7814413998275995
308,0.3083083083083083,1.8454877259209752,1.7108971877023578,1.778031543828547
309,0.30930930930930933,1.8423365885391831,1.7080992134287953,1.7753544924780726
310,0.3103103103103103,1.8391206646338105,1.7051344867795706,1.7717253370210528
311,0.3113113113113113,1.8360326969996095,1.7020929167047143,1.7693962650373578
312,0.3123123123123123,1.8328560357913375,1.6993834441527724,1.7661211108788848
313,0.3133133133133133,1.8298419853672385,1.696364089846611,1.7632123874500394
314,0.31431431431431434,1.826843692921102,1.6934944204986095,1.760406686924398
315,0.3153153153153153,1.8237238842993975,1.6907602101564407,1.7572348862886429
316,0.3163163163163163,1.8206405714154243,1.68792852666229,1.7547446265816689
317,0.3173173173173173,1.8176844595000148,1.6851400500163436,1.7510745683684945
318,0.3183183183183183,1.8148436900228262,1.6823624931275845,1.7481983564794064
319,0.31931931931931934,1.8116821274161339,1.679601300507784,1.7455009398981929
320,0.3203203203203203,1.808840029872954,1.6767936358228326,1.7427945025265217
321,0.3213213213213213,1.8058619368821383,1.6740068402141333,1.7402508249506354
322,0.32232232232232233,1.8029338605701923,1.6714228438213468,1.7366091907024384
323,0.3233233233233233,1.800106887705624,1.668834869749844,1.7339224787428975
324,0.32432432432432434,1.7972004357725382,1.6660113539546728,1.731343518011272
325,0.3253253253253253,1.7944199442863464,1.6635083789005876,1.7285387041047215
326,0.3263263263263263,1.7915517427027225,1.6607820261269808,1.7263255286961794
327,0.32732732732732733,1.7887077797204256,1.6581826275214553,1.722900721244514
328,0.3283283283283283,1.7859830651432276,1.6558104464784265,1.7202030727639794
329,0.32932932932932935,1.783208580687642,1.6530822245404124,1.7174123171716928
330,0.3303303303303303,1.7804908119142056,1.6505850199609995,1.7151036700233817
331,0.3313313313313313,1.777736441232264,1.6480658389627934,1.7128955479711294
332,0.33233233233233234,1.7750386577099562,1.6454301625490189,1.7092573856934905
333,0.3333333333333333,1.7723148930817842,1.6429267944768071,1.707360585220158
334,0.33433433433433435,1.7696958621963859,1.6404108479619026,1.704613871872425
335,0.3353353353353353,1.767035043798387,1.6380479503422976,1.7017638115212321
336,0.3363363363363363,1.7643193742260337,1.635605544783175,1.6992385424673557
337,0.33733733733733734,1.7616916839033365,1.6331730280071497,1.6965058511123061
338,0.3383383383383383,1.7591662555932999,1.6307341568171978,1.6941579123958945
339,0.33933933933933935,1.7566167330369353,1.6282795816659927,1.691404934041202
340,0.34034034034034033,1.7539701350033283,1.6260695466771722,1.6887909332290292
341,0.34134134134134136,1.7514466065913439,1.6236156346276402,1.6865692092105746
342,0.34234234234234234,1.748855173587799,1.6212469730526209,1.6842678673565388
343,0.3433433433433433,1.7463842369616032,1.6189123522490263,1.6815116442739964
344,0.34434434434434436,1.7439522920176387,1.616596938110888,1.6791999684646726
345,0.34534534534534533,1.7414625519886613,1.6143049448728561,1.6765662729740143
346,0.34634634634634637,1.7388923028483987,1.6119333356618881,1.6742312693968415
347,0.34734734734734735,1.736407975666225,1.6096900943666697,1.67162979952991
348,0.3483483483483483,1.7340215453878045,1.6074173534289002,1.6696733115240932
349,0.34934934934934936,1.7315922165289521,1.605126142501831,1.6670750621706247
350,0.35035035035035034,1.7291649682447314,1.6030449410900474,1.664714909158647
351,0.35135135135135137,1.7268092706799507,1.6007414795458317,1.662348710000515
352,0.35235235235235235,1.724461255595088,1.5985280415043235,1.6596916411072016
353,0.3533533533533533,1.7221333030611277,1.5962899355217814,1.6573193073272705
354,0.35435435435435436,1.719734588637948,1.5940760672092438,1.655329112894833
355,0.35535535535535534,1.717495602555573,1.591956407763064,1.6536258291453123
356,0.3563563563563564,1.7151154102757573,1.589899149723351,1.6506860051304102
357,0.35735735735735735,1.7127854889258742,1.587726048193872,1.6482568215578794
358,0.35835835835835833,1.7104892022907734,1.5855355700477958,1.6463755257427692
359,0.35935935935935936,1.7083091102540493,1.5835756808519363,1.6440094420686364
360,0.36036036036036034,1.7059952775016427,1.581364662386477,1.6420851815491915
361,0.3613613613613614,1.7038044212386012,1.5793118746951222,1.6397709203884006
362,0.36236236236236236,1.7015209896489978,1.577267300337553,1.6373455747961998
363,0.36336336336336333,1.6992878839373589,1.575149447657168,1.635340116918087
364,0.36436436436436437,1.6971040954813361,1.5732037257403135,1.6330820759758353
365,0.36536536536536535,1.6948631750419736,1.5711731761693954,1.630606036633253
366,0.3663663663663664,1.6927668042480946,1.5690604075789452,1.6285738227888942
367,0.36736736736736736,1.690546096302569,1.5669566905125976,1.6267296066507697
368,0.3683683683683684,1.6884259739890695,1.5649569360539317,1.6245085578411818
369,0.36936936936936937,1.6863099159672856,1.5631472561508417,1.6222440339624882
370,0.37037037037037035,1.6841669660061598,1.561012964695692,1.6203954499214888
371,0.3713713713713714,1.6820233818143606,1.5591645753011107,1.6181073365733027
372,0.37237237237237236,1.680087924003601,1.5572055270895362,1.6161825824528933
373,0.3733733733733734,1.6779290903359652,1.55512441881001,1.614400215446949
374,0.3743743743743744,1.6758171860128641,1.5532939191907644,1.6118241446092725
375,0.37537537537537535,1.6737504759803414,1.5514039089903235,1.610273647122085
376,0.3763763763763764,1.6717387344688177,1.5495622614398599,1.6076891915872693
377,0.37737737737737737,1.6696492629125714,1.5476442547515035,1.6061446275562048
378,0.3783783783783784,1.6677213357761502,1.5457595279440284,1.6037586443126202
379,0.3793793793793794,1.6657228702679276,1.5439509749412537,1.6018362203612924
380,0.38038038038038036,1.663640738464892,1.5420191567391157,1.6002379301935434
381,0.3813813813813814,1.6616828897967935,1.5402569519355893,1.5979733653366566
382,0.38238238238238237,1.659722601994872,1.5384132415056229,1.5965483635663986
383,0.3833833833833834,1.6577913211658597,1.5363945700228214,1.593726608902216
384,0.3843843843843844,1.6558672925457358,1.534778299741447,1.5920773297548294
385,0.38538538538538536,1.653908772394061,1.5329007785767317,1.5900047151371837
386,0.3863863863863864,1.651915905997157,1.531171870417893,1.5882917130365968
387,0.38738738738738737,1.6500281793996692,1.5293902987614274,1.587055804207921
388,0.3883883883883884,1.6481618685647845,1.5275796530768275,1.5842911582440138
389,0.3893893893893894,1.646339644677937,1.5258103115484118,1.5823895568028092
390,0.39039039039039036,1.644339400343597,1.5241691190749407,1.5809273878112435
391,0.3913913913913914,1.6423854529857635,1.52233992703259,1.5787861784920096
392,0.3923923923923924,1.6406876519322395,1.5205936338752508,1.5768877137452364
393,0.3933933933933934,1.6388263115659356,1.5188922388479114,1.5750185931101441
394,0.3943943943943944,1.6369515033438802,1.5171927968040109,1.5736084105446935
395,0.39539539539539537,1.6351129924878478,1.5154224690049887,1.5717217456549406
396,0.3963963963963964,1.6333407443016768,1.513829967007041,1.569454312324524
397,0.3973973973973974,1.631512158550322,1.5120930960401893,1.5682538449764252
398,0.3983983983983984,1.6296556293964386,1.5103376833721995,1.5656849099323153
399,0.3993993993993994,1.6280406760051847,1.508820790797472,1.5643500816076994
400,0.40040040040040037,1.6261800397187471,1.5070826802402735,1.5627308627590537
401,0.4014014014014014,1.6244115056470037,1.5054892906919122,1.5607621558010578
402,0.4024024024024024,1.6226596347987652,1.5038010776042938,1.559524543583393
403,0.4034034034034034,1.6208889316767454,1.5022808350622654,1.5572926299646497
404,0.4044044044044044,1.6192638697102666,1.500602088868618,1.5556938741356134
405,0.40540540540540543,1.6175216333940625,1.4991020001471043,1.5540022775530815
406,0.4064064064064064,1.6157735362648964,1.4974663136526942,1.5520094884559512
407,0.4074074074074074,1.6139778485521674,1.4957777401432395,1.5507453912869096
408,0.4084084084084084,1.6123046185821295,1.4942112751305103,1.5486158514395356
409,0.4094094094094094,1.6106457253918052,1.4926629941910505,1.5475366786122322
410,0.41041041041041043,1.6089670062065125,1.4911283235996962,1.545504292473197
411,0.4114114114114114,1.6073772134259343,1.489560566842556,1.543614619411528
412,0.4124124124124124,1.605664985254407,1.4881370719522238,1.5424245214089751
413,0.4134134134134134,1.6040785182267427,1.4865085138007998,1.540355034172535
414,0.4144144144144144,1.6023910976946354,1.4849170874804258,1.539391240105033
415,0.41541541541541543,1.6008599111810327,1.4834454013034701,1.537016305141151
416,0.4164164164164164,1.599197894334793,1.4819769952446222,1.5351782822981477
417,0.4174174174174174,1.5975802168250084,1.4803853537887335,1.534325667656958
418,0.4184184184184184,1.5959434043616056,1.4790622321888804,1.532032223418355
419,0.4194194194194194,1.594390083104372,1.4774964153766632,1.530804037116468
420,0.42042042042042044,1.5927385333925486,1.4759702337905765,1.5292058093473315
421,0.4214214214214214,1.5911986911669374,1.4745487812906504,1.5271975882351398
422,0.4224224224224224,1.5895614391192794,1.4730173656716943,1.5260133761912584
423,0.42342342342342343,1.5880281860008836,1.47159459348768,1.5244563203305006
424,0.4244244244244244,1.586516642011702,1.4701458187773824,1.5230132220312953
425,0.42542542542542544,1.5850084200501442,1.4688042365014553,1.521275769919157
426,0.4264264264264264,1.5834107184782624,1.4673199616372585,1.5195741150528193
427,0.4274274274274274,1.5818803198635578,1.4658568259328604,1.5180705012753606
428,0.42842842842842843,1.5804096357896924,1.4645242439582944,1.5165945384651423
429,0.4294294294294294,1.5789200589060783,1.4629072695970535,1.5154886357486248
430,0.43043043043043044,1.5774308955296874,1.461751882918179,1.5139098279178143
431,0.4314314314314314,1.575879349373281,1.4603630248457193,1.5121866120025516
432,0.43243243243243246,1.5744047574698925,1.459009651094675,1.5105709424242377
433,0.43343343343343343,1.5729779647663236,1.4574520038440824,1.5094196535646915
434,0.4344344344344344,1.5714277122169733,1.456102347932756,1.507718661800027
435,0.43543543543543545,1.5699972473084927,1.4548106687143445,1.5063019273802638
436,0.4364364364364364,1.5685420716181397,1.4534487966448069,1.5047406069934368
437,0.43743743743743746,1.5671926876530051,1.4522103108465672,1.5031765149906278
438,0.43843843843843844,1.565598334185779,1.4507713336497545,1.5019940240308642
439,0.4394394394394394,1.564322636462748,1.4493126533925533,1.5006192587316036
440,0.44044044044044045,1.5629350384697318,1.4481814093887806,1.4989459533244371
441,0.44144144144144143,1.5613963808864355,1.4467273745685816,1.4975870354101062
442,0.44244244244244246,1.5600764285773039,1.4454132281243801,1.4964447431266308
443,0.44344344344344344,1.5586954336613417,1.4441294306889176,1.494742015376687
444,0.4444444444444444,1.557227497920394,1.4428914207965136,1.4932175846770406
445,0.44544544544544545,1.5558623261749744,1.4416112480685115,1.4919282849878073
446,0.44644644644644643,1.5544255459681153,1.4403154142200947,1.490182594396174
447,0.44744744744744747,1.5531720165163279,1.4390304796397686,1.4891922790557146
448,0.44844844844844844,1.5517504829913378,1.4376923516392708,1.4887771336361766
449,0.4494494494494494,1.5503812357783318,1.4364103060215712,1.4866499947384
450,0.45045045045045046,1.5491248778998852,1.4351868527010083,1.4847887456417084
451,0.45145145145145144,1.547675570473075,1.4338987432420254,1.4838625229895115
452,0.45245245245245247,1.5463879881426692,1.4327871920540929,1.4822137681767344
453,0.45345345345345345,1.5450140489265323,1.4313860004767776,1.48122504260391
454,0.4544544544544544,1.5437419228255749,1.430285424925387,1.4792980886995792
455,0.45545545545545546,1.542394420132041,1.4289035899564624,1.4783076159656048
456,0.45645645645645644,1.541091819293797,1.4277478493750095,1.4770075278356671
457,0.4574574574574575,1.5398600278422236,1.4265438420698047,1.475831050425768
458,0.45845845845845845,1.5384898846969008,1.4252772144973278,1.4743876028805971
459,0.45945945945945943,1.537264609709382,1.4242096561938524,1.4726169258356094
460,0.46046046046046046,1.5358031140640378,1.4228511126711965,1.4716350166127086
461,0.46146146146146144,1.53461435995996,1.4216831559315324,1.4705372899770737
462,0.4624624624624625,1.5333653064444661,1.4205270493403077,1.4693206623196602
463,0.46346346346346345,1.5321515537798405,1.419220576994121,1.4681715024635196
464,0.46446446446446443,1.530837420374155,1.4182364847511053,1.4663392268121243
465,0.46546546546546547,1.5296462252736092,1.4171406934037805,1.4654014371335506
466,0.46646646646646645,1.5284263482317328,1.4158633658662438,1.4641984002664685
467,0.4674674674674675,1.5271128313615918,1.4146340088918805,1.4627601886168122
468,0.46846846846846846,1.5259078014642,1.4136413531377912,1.461863941513002
469,0.4694694694694695,1.5246785813942552,1.4124218886718154,1.4606109503656626
470,0.47047047047047047,1.5234882067888975,1.4111897042021155,1.4592610271647573
471,0.47147147147147145,1.522255714982748,1.410142525099218,1.4582594642415643
472,0.4724724724724725,1.5210070479661226,1.4090490527451038,1.45666656922549
473,0.47347347347347346,1.5198102798312902,1.4079587794840336,1.4553223876282573
474,0.4744744744744745,1.5185859836637974,1.4067356269806623,1.453661042265594
475,0.4754754754754755,1.5174133097752929,1.4056556085124612,1.4530638186261058
476,0.47647647647647645,1.5162633005529642,1.4046262009069324,1.452194944024086
477,0.4774774774774775,1.5150929614901543,1.4034159807488322,1.4501956077292562
478,0.47847847847847846,1.51387769728899,1.4023401429876685,1.4494852731004357
479,0.4794794794794795,1.512754819355905,1.4012252036482096,1.4481533290818334
480,0.4804804804804805,1.511540537700057,1.4001517733559012,1.4470569482073188
481,0.48148148148148145,1.5104325069114566,1.3991964403539896,1.4458560468629003
482,0.4824824824824825,1.5092572271823883,1.3979586903005838,1.444812879897654
483,0.48348348348348347,1.508164044469595,1.3969085775315762,1.4440692402422428
484,0.4844844844844845,1.5070374440401793,1.3959108898416162,1.4419265734031796
485,0.4854854854854855,1.5058911880478263,1.3948371754959226,1.4413713999092579
486,0.48648648648648646,1.5046897334977984,1.3937886953353882,1.4398184604942799
487,0.4874874874874875,1.5035625714808702,1.3927135951817036,1.4387159161269665
488,0.48848848848848847,1.5024836026132107,1.3915742868557572,1.4382105749100447
489,0.4894894894894895,1.5013941014185548,1.3905941182747483,1.4368443684652448
490,0.4904904904904905,1.5002010930329561,1.389472208917141,1.4360328754410148
491,0.49149149149149146,1.49915212392807,1.3885449906811118,1.4344236617907882
492,0.4924924924924925,1.4980160938575864,1.3873753249645233,1.4331806963309646
493,0.4934934934934935,1.4969506850466132,1.386606683023274,1.4322488475590944
494,0.4944944944944945,1.4958733525127172,1.3853303557261825,1.4311046423390508
495,0.4954954954954955,1.4947857595980167,1.3843512879684567,1.430367598310113
496,0.4964964964964965,1.4937806446105242,1.3833977207541466,1.4287738436833024
497,0.4974974974974975,1.4926815936341882,1.382332663051784,1.4270907640457153
498,0.4984984984984985,1.4915087949484587,1.381399285979569,1.4271592190489173
499,0.4994994994994995,1.490438623353839,1.3804404065012932,1.4256901927292347
500,0.5005005005005005,1.4893650757148862,1.3795104939490557,1.4249750822782516
501,0.5015015015015015,1.488417991437018,1.378489418886602,1.4237311873584986
502,0.5025025025025025,1.4873446384444833,1.3774771466851234,1.4219110608100891
503,0.5035035035035035,1.486229307949543,1.3764415979385376,1.421703301370144
504,0.5045045045045045,1.4852757956832647,1.3754503717646003,1.4199707293882966
505,0.5055055055055055,1.4841742292046547,1.3745638635009527,1.4194675730541348
506,0.5065065065065065,1.4831364955753088,1.3735954109579325,1.4181218659505248
507,0.5075075075075075,1.4821310359984636,1.3725953744724393,1.4172921869903803
508,0.5085085085085085,1.48122164234519,1.371702054515481,1.4160041445866227
509,0.5095095095095095,1.480076995678246,1.3707229811698198,1.4150923592969775
510,0.5105105105105106,1.4791765687987208,1.3696833550930023,1.4145335629582405
511,0.5115115115115115,1.4781135525554419,1.3686814438551664,1.413040792569518
512,0.5125125125125125,1.477133764885366,1.367752362973988,1.4123891107738018
513,0.5135135135135135,1.4761318806558847,1.3668461069464684,1.4107728078961372
514,0.5145145145145145,1.4750331519171596,1.3658944377675653,1.409685374237597
515,0.5155155155155156,1.474082786589861,1.3649694360792637,1.408793549053371
516,0.5165165165165165,1.4729517921805382,1.3639988200739026,1.40800925437361
517,0.5175175175175175,1.4721524231135845,1.3631052691489458,1.407209045253694
518,0.5185185185185185,1.4711041636765003,1.362229817546904,1.4061177903786302
519,0.5195195195195195,1.4701373018324375,1.3613839270547032,1.4048255309462547
520,0.5205205205205206,1.4692359445616603,1.36041777767241,1.4038534872233868
521,0.5215215215215215,1.468215516768396,1.3595026265829802,1.4029904585331678
522,0.5225225225225225,1.46728624869138,1.3586475681513548,1.4020159970968962
523,0.5235235235235235,1.4662594981491566,1.3576295478269458,1.40114105027169
524,0.5245245245245245,1.4653892517089844,1.356881096959114,1.3996418146416545
525,0.5255255255255256,1.4644137239083648,1.3559110471978784,1.3992105843499303
526,0.5265265265265265,1.4633737821131945,1.3550646798685193,1.3980571096763015
527,0.5275275275275275,1.4625612255185843,1.354253818280995,1.3974372036755085
528,0.5285285285285285,1.4615765204653144,1.3532117083668709,1.3960771299898624
529,0.5295295295295295,1.4606915414333344,1.3523822389543056,1.3949744831770658
530,0.5305305305305306,1.4596853898838162,1.3515495294705033,1.39443779271096
531,0.5315315315315315,1.4587536612525582,1.3506071800366044,1.393271304666996
532,0.5325325325325325,1.4577901372686028,1.3497500093653798,1.3925809739157557
533,0.5335335335335335,1.456886443309486,1.3489015065133572,1.3911888264119625
534,0.5345345345345345,1.4560123132541776,1.3480890300124884,1.3909047143533826
535,0.5355355355355356,1.4551544059067965,1.3471505297347903,1.389701851643622
536,0.5365365365365365,1.4541764501482248,1.3463174989446998,1.3893895642831922
537,0.5375375375375375,1.4533097883686423,1.345464676618576,1.388032908551395
538,0.5385385385385385,1.4523707889020443,1.3444921663030982,1.3867619363591075
539,0.5395395395395395,1.451463677920401,1.3438048595562577,1.386141149327159
540,0.5405405405405406,1.4506310587748885,1.342970815487206,1.3850963413715363
541,0.5415415415415415,1.4497264930978417,1.3420223221182823,1.3842452596873045
542,0.5425425425425425,1.4488262068480253,1.3412177106365561,1.3833609418943524
543,0.5435435435435435,1.4479037402197719,1.3405044507235289,1.3823600057512522
544,0.5445445445445445,1.447056781500578,1.339521363377571,1.381441575475037
545,0.5455455455455456,1.4461316643282771,1.3385985642671585,1.3809620523825288
546,0.5465465465465466,1.445213737897575,1.3379473388195038,1.3798265038058162
547,0.5475475475475475,1.4444565577432513,1.3369408966973424,1.379148025996983
548,0.5485485485485485,1.4436062080785632,1.3363488260656595,1.377775650471449
549,0.5495495495495496,1.442753093317151,1.3354909997433424,1.3773390399292111
550,0.5505505505505506,1.441814941354096,1.3346425835043192,1.3762288549914956
551,0.5515515515515516,1.4410107228904963,1.3338715629652143,1.3755455957725644
552,0.5525525525525525,1.4401249531656504,1.3330707028508186,1.374529069289565
553,0.5535535535535535,1.4393207309767604,1.332254602573812,1.373495397157967
554,0.5545545545545546,1.4384623300284147,1.3315261574462056,1.373183979652822
555,0.5555555555555556,1.4375274125486612,1.3306499617174268,1.371637349948287
556,0.5565565565565566,1.436704725958407,1.329849566332996,1.3709641648456454
557,0.5575575575575575,1.4359659729525447,1.3290380034595728,1.3701850194483995
558,0.5585585585585585,1.4351369114592671,1.328326255083084,1.3693493977189064
559,0.5595595595595596,1.4342240178957582,1.3275952953845263,1.3686609081923962
560,0.5605605605605606,1.4334515538066626,1.3266591047868133,1.3675464326515794
561,0.5615615615615616,1.43263419251889,1.3259328603744507,1.3672884022817016
562,0.5625625625625625,1.431737145408988,1.3252230752259493,1.366139804944396
563,0.5635635635635635,1.430946541018784,1.3243325455114245,1.3652524361386895
564,0.5645645645645646,1.4301696317270398,1.3236177945509553,1.3644178938120604
565,0.5655655655655656,1.4292929265648127,1.3228464182466269,1.3634410705417395
566,0.5665665665665666,1.4285275172442198,1.3221575329080224,1.3628016915172338
567,0.5675675675675675,1.4276551567018032,1.3213627329096198,1.361411309801042
568,0.5685685685685685,1.426893093623221,1.3206091858446598,1.3609978035092354
569,0.5695695695695696,1.4261293429881334,1.319780639372766,1.3604187723249197
570,0.5705705705705706,1.425334194675088,1.3189753303304315,1.3589746430516243
571,0.5715715715715716,1.424498664215207,1.3183689583092928,1.3588948640972376
572,0.5725725725725725,1.4236789774149656,1.317545867525041,1.357597405090928
573,0.5735735735735735,1.4229303859174252,1.3167874235659838,1.3565841596573591
574,0.5745745745745746,1.4221531143411994,1.3160871295258403,1.3561974987387657
575,0.5755755755755756,1.4213257739320397,1.3153587244451046,1.354842821136117
576,0.5765765765765766,1.420574964955449,1.3144816886633635,1.3547257920727134
577,0.5775775775775776,1.4197754273191094,1.3138410355895758,1.3534790696576238
578,0.5785785785785785,1.4190562358126044,1.313162918202579,1.3529904130846262
579,0.5795795795795796,1.4182092538103461,1.3123694928362966,1.3523959498852491
580,0.5805805805805806,1.4173516435548663,1.3117521777749062,1.35127919819206
581,0.5815815815815816,1.416728725656867,1.3109930166974664,1.3507158029824495
582,0.5825825825825826,1.4159270692616701,1.310215632431209,1.3496391605585814
583,0.5835835835835835,1.415138172917068,1.3095099125057459,1.3488208400085568
584,0.5845845845845846,1.414350563660264,1.308684860356152,1.348416698165238
585,0.5855855855855856,1.4136186707764864,1.3080718545243144,1.3476058105006814
586,0.5865865865865866,1.412829459644854,1.3073721593245864,1.346510261297226
587,0.5875875875875876,1.4121405286714435,1.3066476788371801,1.3460160046815872
588,0.5885885885885885,1.4114015633240342,1.3059446858242154,1.345130148343742
589,0.5895895895895896,1.4105516131967306,1.3052149880677462,1.3444675877690315
590,0.5905905905905906,1.4099053852260113,1.304642554372549,1.3432577028870583
591,0.5915915915915916,1.4091075984761119,1.3037910787388682,1.3427565349265933
592,0.5925925925925926,1.408421192318201,1.3029639348387718,1.3422528048977256
593,0.5935935935935935,1.4076526649296284,1.3024461641907692,1.3413789542391896
594,0.5945945945945946,1.4069146066904068,1.3016430158168077,1.340332024730742
595,0.5955955955955956,1.4061506893485785,1.3010072745382786,1.3392234090715647
596,0.5965965965965966,1.4054680420085788,1.3002870110794902,1.3392035020515323
597,0.5975975975975976,1.404744766652584,1.299594333395362,1.3385511403903365
598,0.5985985985985985,1.4039992541074753,1.2988672479987144,1.3379707168787718
599,0.5995995995995996,1.403282561339438,1.2983178524300456,1.3370404923334718
600,0.6006006006006006,1.4025099026039243,1.2976804664358497,1.335833976045251
601,0.6016016016016016,1.401786083355546,1.2969240611419082,1.3354039611294866
602,0.6026026026026026,1.4011008329689503,1.29617128521204,1.3348969388753176
603,0.6036036036036035,1.4003392346203327,1.2955470820888877,1.3343199798837304
604,0.6046046046046046,1.3997595580294728,1.2948681330308318,1.3335353760048747
605,0.6056056056056056,1.3989816531538963,1.2941704001277685,1.3323403745889664
606,0.6066066066066066,1.398247662000358,1.2933523785322905,1.3321230066940188
607,0.6076076076076076,1.3976077064871788,1.2928457604721189,1.330941448919475
608,0.6086086086086087,1.396776119247079,1.2922222195193172,1.3308161338791251
609,0.6096096096096096,1.3961419155821204,1.2916580764576793,1.3294168496504426
610,0.6106106106106106,1.3954385807737708,1.2908935155719519,1.3288831487298012
611,0.6116116116116116,1.3947355588898063,1.2902088798582554,1.32820700481534
612,0.6126126126126126,1.394029289484024,1.289569092914462,1.3273221254348755
613,0.6136136136136137,1.393317386507988,1.2888363879173994,1.326852174475789
614,0.6146146146146146,1.3927071960642934,1.2882199594751,1.3258076608181
615,0.6156156156156156,1.391994553618133,1.2876315312460065,1.3253244841471314
616,0.6166166166166166,1.3912725849077106,1.28686482924968,1.3246752936393023
617,0.6176176176176176,1.3905475540086627,1.2863606121391058,1.3241722006350756
618,0.6186186186186187,1.3899053344503045,1.2856274163350463,1.3231682507321239
619,0.6196196196196196,1.389271266758442,1.2850233251228929,1.322248987853527
620,0.6206206206206206,1.3886232376098633,1.284246701747179,1.3220561547204852
621,0.6216216216216216,1.3879375290125608,1.2837154818698764,1.3206790089607239
622,0.6226226226226226,1.3871953506022692,1.283179267309606,1.320106660015881
623,0.6236236236236237,1.3865053448826075,1.2824076283723116,1.3203837107867002
624,0.6246246246246246,1.3857919359579682,1.2818904789164662,1.3194336779415607
625,0.6256256256256256,1.3851819466799498,1.2812064085155725,1.3186666937544942
626,0.6266266266266266,1.3845187295228243,1.2804793315008283,1.3176490478217602
627,0.6276276276276276,1.3839370720088482,1.2798251993954182,1.3168144710361958
628,0.6286286286286287,1.3832223434001207,1.2793031176552176,1.3162316046655178
629,0.6296296296296297,1.3825715780258179,1.2787488782778382,1.3159460853785276
630,0.6306306306306306,1.3818835681304336,1.2780573535710573,1.3152460362762213
631,0.6316316316316316,1.381228357553482,1.2773718209937215,1.3141700215637684
632,0.6326326326326326,1.3805159507319331,1.2768620494753122,1.3136799149215221
633,0.6336336336336337,1.379964186809957,1.276149502955377,1.3129596458747983
634,0.6346346346346347,1.3791948007419705,1.2755431234836578,1.3125381292775273
635,0.6356356356356356,1.3785872049629688,1.2749229650944471,1.3113519372418523
636,0.6366366366366366,1.377993113361299,1.274426355957985,1.3109409334138036
637,0.6376376376376376,1.3773428443819284,1.2737422473728657,1.3105985932052135
638,0.6386386386386387,1.3766429452225566,1.2730956878513098,1.3094649352133274
639,0.6396396396396397,1.3760587712749839,1.27256138343364,1.3089115088805556
640,0.6406406406406406,1.3753430945798755,1.271972774527967,1.3083848962560296
641,0.6416416416416416,1.3747500460594893,1.2711795773357153,1.3077040305361152
642,0.6426426426426426,1.374098464846611,1.2707964712753892,1.3075614757835865
643,0.6436436436436437,1.3734804885461926,1.2701189881190658,1.3065920425578952
644,0.6446446446446447,1.372765438631177,1.2694588657468557,1.3062683576717973
645,0.6456456456456456,1.3721693260595202,1.26883858256042,1.30520174279809
646,0.6466466466466466,1.3715385254472494,1.2683598566800356,1.3041429976001382
647,0.6476476476476476,1.370901657268405,1.267646356485784,1.3042388278990984
648,0.6486486486486487,1.3703359859064221,1.2670439360663295,1.303090742789209
649,0.6496496496496497,1.3697349354624748,1.266590935178101,1.302549940533936
650,0.6506506506506506,1.368998852558434,1.2659744564443827,1.3024552268907428
651,0.6516516516516516,1.3683815626427531,1.2652931353077292,1.3012656290084124
652,0.6526526526526526,1.3678408181294799,1.2648334903642535,1.3009037720039487
653,0.6536536536536537,1.367238124832511,1.264170253649354,1.3001013174653053
654,0.6546546546546547,1.3665997348725796,1.263635590672493,1.2992521487176418
655,0.6556556556556556,1.3659424679353833,1.2630318282172084,1.2989609017968178
656,0.6566566566566566,1.365373726002872,1.262480454519391,1.2982436520978808
657,0.6576576576576576,1.3647351497784257,1.261837624013424,1.2978561082854867
658,0.6586586586586587,1.3641187530010939,1.2612861273810267,1.297147136181593
659,0.6596596596596597,1.3634962812066078,1.2606436628848314,1.2959207333624363
660,0.6606606606606606,1.3629089333117008,1.2600708082318306,1.295852530747652
661,0.6616616616616616,1.3622823636978865,1.259560496546328,1.2951530953869224
662,0.6626626626626626,1.3615742465481162,1.2590298959985375,1.2945450758561492
663,0.6636636636636637,1.3610104005783796,1.2583318082615733,1.294117720797658
664,0.6646646646646647,1.360435439273715,1.2579145841300488,1.2933859303593636
665,0.6656656656656657,1.3598903277888894,1.2572612958028913,1.2929136166349053
666,0.6666666666666666,1.359273761510849,1.2567610647529364,1.2916292818263173
667,0.6676676676676676,1.3587117083370686,1.2560987826436758,1.291852311231196
668,0.6686686686686687,1.3580372184515,1.2556026494130492,1.2907339306548238
669,0.6696696696696697,1.357507879845798,1.254942442290485,1.2906482350081205
670,0.6706706706706707,1.3569063981994987,1.2546076588332653,1.2898159231990576
671,0.6716716716716716,1.3563006026670337,1.2539289882406592,1.2889577262103558
672,0.6726726726726726,1.3556672995910048,1.2534062266349792,1.2886895518749952
673,0.6736736736736737,1.3551427433267236,1.2527693808078766,1.2880823472514749
674,0.6746746746746747,1.3545475294813514,1.2521860348060727,1.2876375997439027
675,0.6756756756756757,1.3539729481562972,1.2517015868797898,1.2865449022501707
676,0.6766766766766766,1.3533097533509135,1.251100935973227,1.2859785817563534
677,0.6776776776776777,1.3528317548334599,1.250564193353057,1.2858262360095978
678,0.6786786786786787,1.352185538969934,1.2499736994504929,1.2847245950251818
679,0.6796796796796797,1.3515876093879342,1.2493768138810992,1.2842924185097218
680,0.6806806806806807,1.3510147323831916,1.248929769732058,1.2835775995627046
681,0.6816816816816816,1.3504159869626164,1.2482615150511265,1.2831848235800862
682,0.6826826826826827,1.3498901911079884,1.2478095218539238,1.2826663218438625
683,0.6836836836836837,1.349334331229329,1.2472803136333823,1.2819310845807195
684,0.6846846846846847,1.348728084936738,1.2467021867632866,1.2817265195772052
685,0.6856856856856857,1.348087714985013,1.2461639298126101,1.2810530746355653
686,0.6866866866866866,1.3475704994052649,1.245632415637374,1.280190878547728
687,0.6876876876876877,1.3469949159771204,1.245000316761434,1.279829889535904
688,0.6886886886886887,1.346447728574276,1.2444904735311866,1.278977113775909
689,0.6896896896896897,1.345865722745657,1.244118151254952,1.2784003941342235
690,0.6906906906906907,1.3452485743910074,1.2435207376256585,1.2780287293717265
691,0.6916916916916916,1.3447463689371943,1.2429055469110608,1.2773976158350706
692,0.6926926926926927,1.3441477799788117,1.242371253669262,1.2768401484936476
693,0.6936936936936937,1.3436277257278562,1.2419143598526716,1.2757512424141169
694,0.6946946946946947,1.3430421287193894,1.2412978084757924,1.2760520158335567
695,0.6956956956956957,1.3425034126266837,1.2408724669367075,1.2753009991720319
696,0.6966966966966966,1.341896029189229,1.2403175439685583,1.2744078757241368
697,0.6976976976976977,1.3413639813661575,1.2397512309253216,1.2739406563341618
698,0.6986986986986987,1.3408094123005867,1.2392089553177357,1.2731728591024876
699,0.6996996996996997,1.3403066620230675,1.2386803952977061,1.2729528984054923
700,0.7007007007007007,1.3396409507840872,1.2381767630577087,1.272050453349948
701,0.7017017017017017,1.3391377199441195,1.2376510547474027,1.2721390826627612
702,0.7027027027027027,1.3385799527168274,1.2371644647791982,1.2707570241764188
703,0.7037037037037037,1.3380646565929055,1.2367082117125392,1.2703217575326562
704,0.7047047047047047,1.3374095195904374,1.2361576119437814,1.2704099901020527
705,0.7057057057057057,1.3369138333946466,1.2356271855533123,1.2695309240370989
706,0.7067067067067067,1.3364217169582844,1.235076503828168,1.2688325876370072
707,0.7077077077077077,1.3358632232993841,1.2346590757369995,1.2682669619098306
708,0.7087087087087087,1.3352412432432175,1.2339810328558087,1.2678872076794505
709,0.7097097097097097,1.3347205352038145,1.233575589954853,1.2673619510605931
710,0.7107107107107107,1.3341679023578763,1.2330921338871121,1.266898037865758
711,0.7117117117117117,1.3336154194548726,1.2326974775642157,1.2660426450893283
712,0.7127127127127127,1.3331460105255246,1.232083617709577,1.2652474250644445
713,0.7137137137137137,1.33256552554667,1.2314529092982411,1.2650741208344698
714,0.7147147147147147,1.3320310730487108,1.230999163351953,1.2650362038984895
715,0.7157157157157157,1.3315169224515557,1.2305676089599729,1.264227175153792
716,0.7167167167167167,1.3309630760923028,1.2300289822742343,1.2633169470354915
717,0.7177177177177178,1.3303651567548513,1.229571026749909,1.262885649688542
718,0.7187187187187187,1.3298928700387478,1.229051942937076,1.2624842403456569
719,0.7197197197197197,1.3293725866824389,1.2284673135727644,1.2618949133902788
720,0.7207207207207207,1.3288585236296058,1.2280257539823651,1.261158749461174
721,0.7217217217217217,1.3282640222460032,1.2275989009067416,1.2609166353940964
722,0.7227227227227228,1.3277450753375888,1.2269429694861174,1.260018354281783
723,0.7237237237237237,1.3272529551759362,1.2264271173626184,1.2596943462267518
724,0.7247247247247247,1.3266655895859003,1.226046652533114,1.259263631887734
725,0.7257257257257257,1.3260878631845117,1.2255540350452065,1.2587264021858573
726,0.7267267267267267,1.325697548687458,1.2250461839139462,1.2581942062824965
727,0.7277277277277278,1.32512900326401,1.2245161114260554,1.2573686335235834
728,0.7287287287287287,1.3245921386405826,1.2240342944860458,1.256988214328885
729,0.7297297297297297,1.324080386199057,1.2235365072265267,1.2559533677995205
730,0.7307307307307307,1.3235276145860553,1.2230914011597633,1.256056409329176
731,0.7317317317317317,1.3230249797925353,1.2225614031776786,1.2557503674179316
732,0.7327327327327328,1.322486869059503,1.222095724195242,1.2546940613538027
733,0.7337337337337337,1.3220186401158571,1.2217539297416806,1.2544000232592225
734,0.7347347347347347,1.3214969104155898,1.221114607527852,1.2534259101375937
735,0.7357357357357357,1.3209486929699779,1.220592268742621,1.2532488014549017
736,0.7367367367367368,1.320427780970931,1.2201461950317025,1.25293839443475
737,0.7377377377377378,1.3199371276423335,1.219681678339839,1.2523375302553177
738,0.7387387387387387,1.3194580525159836,1.2191359251737595,1.2521029189229012
739,0.7397397397397397,1.3188601052388549,1.218753643333912,1.2512667207047343
740,0.7407407407407407,1.3184457710012794,1.2182481242343783,1.2503328062593937
741,0.7417417417417418,1.317876343615353,1.2177657866850495,1.2503605978563428
742,0.7427427427427428,1.3173060426488519,1.2173195891082287,1.2496064519509673
743,0.7437437437437437,1.316820482723415,1.216768054291606,1.2492587203159928
744,0.7447447447447447,1.316340060904622,1.216353714466095,1.2484799167141318
745,0.7457457457457457,1.3157996069639921,1.215855405665934,1.2480439227074385
746,0.7467467467467468,1.3152908869087696,1.215468855574727,1.247567430138588
747,0.7477477477477478,1.3147911932319403,1.2148954262956977,1.2467127488926053
748,0.7487487487487487,1.3143609883263707,1.2145635932683945,1.2466109870001674
749,0.7497497497497497,1.313780291005969,1.2139422288164496,1.2459397995844483
750,0.7507507507507507,1.3132786974310875,1.2134722592309117,1.245448412373662
751,0.7517517517517518,1.312778546474874,1.213048436678946,1.245016892440617
752,0.7527527527527528,1.3122916165739298,1.2125958492979407,1.2442234130576253
753,0.7537537537537538,1.3117460869252682,1.2121285451576114,1.2443102532997727
754,0.7547547547547547,1.3113037254661322,1.2115690419450402,1.243648026138544
755,0.7557557557557557,1.3108438113704324,1.2111531309783459,1.242964363656938
756,0.7567567567567568,1.3102413658052683,1.2108377274125814,1.2430260069668293
757,0.7577577577577578,1.3097958145663142,1.2102545276284218,1.241788538172841
758,0.7587587587587588,1.3093141820281744,1.2098619295284152,1.2414916204288602
759,0.7597597597597597,1.308830613270402,1.2092788452282548,1.241050023585558
760,0.7607607607607607,1.3082353360950947,1.2087972965091467,1.2407408598810434
761,0.7617617617617618,1.307765700854361,1.2083793878555298,1.2402112390846014
762,0.7627627627627628,1.3072307016700506,1.2079093242064118,1.239449861459434
763,0.7637637637637638,1.3067758223041892,1.207490298897028,1.2393629718571901
764,0.7647647647647647,1.3062764024361968,1.2070756433531642,1.2384583605453372
765,0.7657657657657657,1.3058694116771221,1.2065736167132854,1.238668323494494
766,0.7667667667667668,1.3052689181640744,1.206136374734342,1.23799301777035
767,0.7677677677677678,1.3048793831840158,1.2056833626702428,1.2369388863444328
768,0.7687687687687688,1.3043931424617767,1.2052824320271611,1.2369507513940334
769,0.7697697697697697,1.3037761868909001,1.2047931300476193,1.236125648021698
770,0.7707707707707707,1.3034227872267365,1.2043602839112282,1.2362060770392418
771,0.7717717717717718,1.3029218027368188,1.2038688454777002,1.2352615222334862
772,0.7727727727727728,1.3024537386372685,1.2034259792417288,1.234782432205975
773,0.7737737737737738,1.301843112334609,1.2029784433543682,1.2344543412327766
774,0.7747747747747747,1.3014539694413543,1.2026112591847777,1.2334415782243013
775,0.7757757757757757,1.3009200748056173,1.2021270282566547,1.2337998067960143
776,0.7767767767767768,1.3005534168332815,1.2016679728403687,1.2326748333871365
777,0.7777777777777778,1.299953174777329,1.2012707889080048,1.2322050891816616
778,0.7787787787787788,1.2995679778978229,1.2007155204191804,1.2321621300652623
779,0.7797797797797797,1.298952341079712,1.20028393343091,1.2320284070447087
780,0.7807807807807807,1.2985968347638845,1.199854165315628,1.2307032756507397
781,0.7817817817817818,1.2980878008529544,1.199378039687872,1.2306180177256465
782,0.7827827827827828,1.2976640034466982,1.1989205116406083,1.2302060360088944
783,0.7837837837837838,1.297115988098085,1.1985263712704182,1.2295635007321835
784,0.7847847847847848,1.296728601679206,1.1980990776792169,1.229438154026866
785,0.7857857857857857,1.2961549367755651,1.1976421251893044,1.2286939723417163
786,0.7867867867867868,1.2957601491361856,1.1972076846286654,1.228119189850986
787,0.7877877877877878,1.2952214498072863,1.1967841433361173,1.2270555412396789
788,0.7887887887887888,1.2947695776820183,1.1963572427630424,1.2271693162620068
789,0.7897897897897898,1.2942686015740037,1.1960318982601166,1.226691596210003
790,0.7907907907907907,1.2937251012772322,1.195469013415277,1.2262931317090988
791,0.7917917917917918,1.2933656377717853,1.1950298827141523,1.2258908869698644
792,0.7927927927927928,1.2928541423752904,1.194689572788775,1.2251416640356183
793,0.7937937937937938,1.2923957565799356,1.194184945896268,1.2246943451464176
794,0.7947947947947948,1.291911625303328,1.193736026994884,1.2240662053227425
795,0.7957957957957957,1.291494525037706,1.1932467678561807,1.2240661978721619
796,0.7967967967967968,1.2909909561276436,1.1928912615403533,1.22314693313092
797,0.7977977977977978,1.2905407464131713,1.192432769574225,1.2230687774717808
798,0.7987987987987988,1.2899738820269704,1.1920482348650694,1.2221064297482371
799,0.7997997997997998,1.2896077018231153,1.1916708471253514,1.2219947446137667
800,0.8008008008008007,1.2891922127455473,1.1912107737734914,1.221486620604992
801,0.8018018018018018,1.2886974476277828,1.1908441204577684,1.2210894748568535
802,0.8028028028028028,1.2881944747641683,1.1904164366424084,1.2210207264870405
803,0.8038038038038038,1.2877535400912166,1.1899222861975431,1.2201231513172388
804,0.8048048048048048,1.2872552005574107,1.1894499864429235,1.2198385298252106
805,0.8058058058058059,1.2868336187675595,1.1890936940908432,1.2192583121359348
806,0.8068068068068068,1.2863789200782776,1.1886695651337504,1.2187328580766916
807,0.8078078078078078,1.2859447663649917,1.1882516918703914,1.2184479851275682
808,0.8088088088088088,1.2854121131822467,1.1877791052684188,1.2177765872329473
809,0.8098098098098098,1.2850522100925446,1.1874152505770326,1.2173853572458029
810,0.8108108108108109,1.2844798751175404,1.1869434462860227,1.216736321337521
811,0.8118118118118118,1.2840581992641091,1.1865746034309268,1.216620079241693
812,0.8128128128128128,1.2836403585970402,1.1862057829275727,1.2161178765818477
813,0.8138138138138138,1.2830931777134538,1.1858445834368467,1.215433731675148
814,0.8148148148148148,1.282675176858902,1.1853330070152879,1.2154478831216693
815,0.8158158158158159,1.2822034349665046,1.1847899053245783,1.2145649353042245
816,0.8168168168168168,1.2817869391292334,1.1844876697286963,1.2138812858611345
817,0.8178178178178178,1.2813191963359714,1.1841058963909745,1.213880623690784
818,0.8188188188188188,1.2807795545086265,1.1837178505957127,1.2130274372175336
819,0.8198198198198198,1.2804591674357653,1.1832375694066286,1.2133805183693767
820,0.8208208208208209,1.280002691783011,1.1829061480239034,1.2120550982654095
821,0.8218218218218218,1.2794927414506674,1.182447513565421,1.2122022872790694
822,0.8228228228228228,1.2791122328490019,1.1819700608029962,1.211514737457037
823,0.8238238238238238,1.278685580007732,1.181592045351863,1.2109898338094354
824,0.8248248248248248,1.2781436368823051,1.1811783872544765,1.2110040076076984
825,0.8258258258258259,1.2777511896565557,1.1807835940271616,1.2103928187862039
826,0.8268268268268268,1.2772482419386506,1.180319826118648,1.210009180009365
827,0.8278278278278278,1.276830862276256,1.1799954222515225,1.209141501225531
828,0.8288288288288288,1.2764313826337457,1.1796183688566089,1.2088276520371437
829,0.8298298298298298,1.2759554851800203,1.1791681796312332,1.2086045891046524
830,0.8308308308308309,1.275538619607687,1.1787553038448095,1.207794189453125
831,0.8318318318318318,1.27514554746449,1.178355730138719,1.208053706213832
832,0.8328328328328328,1.274557807482779,1.1779727172106504,1.2071263892576098
833,0.8338338338338338,1.274179857224226,1.1775384359061718,1.2063831640407443
834,0.8348348348348348,1.2736948281526566,1.1771723199635744,1.2061321763321757
835,0.8358358358358359,1.2732532965019345,1.17676299251616,1.205563435330987
836,0.8368368368368369,1.272771330550313,1.1764065343886614,1.2052464801818132
837,0.8378378378378378,1.27232744731009,1.1759059336036444,1.2047821171581745
838,0.8388388388388388,1.2719161408022046,1.1755543863400817,1.204501137137413
839,0.8398398398398398,1.2715135645121336,1.1753231454640627,1.2042130446061492
840,0.8408408408408409,1.2710827812552452,1.17474764585495,1.2035566847771406
841,0.8418418418418419,1.2706397296860814,1.1743688033893704,1.2031157100573182
842,0.8428428428428428,1.2701716963201761,1.173979272134602,1.2024024752900004
843,0.8438438438438438,1.2698202338069677,1.1735832653939724,1.2021326450631022
844,0.8448448448448448,1.269346546381712,1.1730859316885471,1.2023118399083614
845,0.8458458458458459,1.2687681037932634,1.1728183021768928,1.2014637375250459
846,0.8468468468468469,1.268370484933257,1.1723614633083344,1.2016908144578338
847,0.8478478478478478,1.2679540421813726,1.1720044864341617,1.200715059414506
848,0.8488488488488488,1.2674820553511381,1.171679805032909,1.2000842913985252
849,0.8498498498498498,1.2671654932200909,1.1711890446022153,1.2000377969816327
850,0.8508508508508509,1.2667281813919544,1.1708115115761757,1.1991676948964596
851,0.8518518518518519,1.2661955822259188,1.1704439762979746,1.1988462843000889
852,0.8528528528528528,1.2658539935946465,1.1700893733650446,1.1981523726135492
853,0.8538538538538538,1.2654004413634539,1.169651910662651,1.197933736257255
854,0.8548548548548548,1.2649035323411226,1.1692784847691655,1.197965762577951
855,0.8558558558558559,1.264504094608128,1.1688620783388615,1.1974249240010977
856,0.8568568568568569,1.2640495700761676,1.168438664637506,1.196909362450242
857,0.8578578578578578,1.2636508364230394,1.1680647749453783,1.1962069952860475
858,0.8588588588588588,1.2632542168721557,1.167757697403431,1.195933454670012
859,0.8598598598598598,1.2627572435885668,1.1673497892916203,1.1960555454716086
860,0.8608608608608609,1.2623447449877858,1.1670411620289087,1.1949305376037955
861,0.8618618618618619,1.261985758319497,1.166630401276052,1.1947105145081878
862,0.8628628628628628,1.2614502608776093,1.1662171613425016,1.1940465047955513
863,0.8638638638638638,1.2610737113282084,1.165861769579351,1.1939770076423883
864,0.8648648648648649,1.2607275610789657,1.1655103312805295,1.1935352040454745
865,0.8658658658658659,1.260281984694302,1.1650532875210047,1.1930384300649166
866,0.8668668668668669,1.259910298511386,1.1646583946421742,1.19272290635854
867,0.8678678678678678,1.2593434751033783,1.1643161913380027,1.1922017261385918
868,0.8688688688688688,1.258906320668757,1.1639248179271817,1.1921508982777596
869,0.8698698698698699,1.2585182199254632,1.1634949436411262,1.1912337141111493
870,0.8708708708708709,1.2581457002088428,1.163193722255528,1.1907831560820341
871,0.8718718718718719,1.2576514203101397,1.162731529213488,1.190835753455758
872,0.8728728728728729,1.2572757061570883,1.1623952640220523,1.190152982249856
873,0.8738738738738738,1.2568108262494206,1.1621291460469365,1.1899681072682142
874,0.8748748748748749,1.2564428923651576,1.161795170046389,1.1891299970448017
875,0.8758758758758759,1.2560227382928133,1.161215890198946,1.1889187535271049
876,0.8768768768768769,1.2555363727733493,1.1609557112678885,1.1886470103636384
877,0.8778778778778779,1.255120943300426,1.1605246709659696,1.1882109176367521
878,0.8788788788788788,1.2547198859974742,1.1601213617250323,1.1879332708194852
879,0.8798798798798799,1.2543174661695957,1.1598414471372962,1.1872101491317153
880,0.8808808808808809,1.253949861973524,1.1594885932281613,1.1869707591831684
881,0.8818818818818819,1.2534259306266904,1.159072384238243,1.1869091587141156
882,0.8828828828828829,1.2530042035505176,1.158737407065928,1.185968711040914
883,0.8838838838838838,1.2527089593932033,1.1582838529720902,1.1855707485228777
884,0.8848848848848849,1.2521640351042151,1.157987262122333,1.1849679509177804
885,0.8858858858858859,1.251798695884645,1.1575299836695194,1.185162140056491
886,0.8868868868868869,1.2513931840658188,1.1572909848764539,1.1847521215677261
887,0.8878878878878879,1.2509312983602285,1.1568707656115294,1.183968449011445
888,0.8888888888888888,1.250629902817309,1.1564335683360696,1.1834891131147742
889,0.8898898898898899,1.250157113187015,1.1560771204531193,1.1830448964610696
890,0.8908908908908909,1.2496993178501725,1.1557067818939686,1.1831200355663896
891,0.8918918918918919,1.2493005022406578,1.1553708333522081,1.1825671074911952
892,0.8928928928928929,1.2489220006391406,1.1550015518441796,1.1822249572724104
893,0.8938938938938938,1.248392784036696,1.1546546453610063,1.1818743022158742
894,0.8948948948948949,1.248003050684929,1.1543414695188403,1.1812021071091294
895,0.8958958958958959,1.2476453008130193,1.1539979800581932,1.1810097564011812
896,0.8968968968968969,1.247327066026628,1.1535092545673251,1.1802865052595735
897,0.8978978978978979,1.246832282282412,1.153183619491756,1.1797509491443634
898,0.8988988988988988,1.246480313129723,1.152799983508885,1.1796940406784415
899,0.8998998998998999,1.2459333762526512,1.152514266781509,1.1791054029017687
900,0.9009009009009009,1.2456308351829648,1.1521578393876553,1.179292001761496
901,0.9019019019019019,1.2452004663646221,1.1517863748595119,1.1784718297421932
902,0.9029029029029029,1.2448865361511707,1.151407377794385,1.1780061610043049
903,0.9039039039039038,1.2443875642493367,1.15098612383008,1.1777467168867588
904,0.9049049049049049,1.2439613789319992,1.1506903367117047,1.1770812831819057
905,0.9059059059059059,1.2434610817581415,1.150312663987279,1.1770531190559268
906,0.9069069069069069,1.2430817494168878,1.1499672261998057,1.1767663890495896
907,0.9079079079079079,1.2426980482414365,1.1496679345145822,1.1761046787723899
908,0.9089089089089089,1.242332547903061,1.1493743378669024,1.1756601138040423
909,0.9099099099099099,1.241974612697959,1.148922043852508,1.1753537999466062
910,0.9109109109109109,1.2414726475253701,1.1485912092030048,1.1751584373414516
911,0.9119119119119119,1.2411319557577372,1.1482160920277238,1.1749285785481334
912,0.9129129129129129,1.240687096491456,1.1478840103372931,1.1742973634973168
913,0.9139139139139139,1.2402509842067957,1.1474666967988014,1.1736894436180592
914,0.914914914914915,1.239919395186007,1.1471951194107533,1.1734773581847548
915,0.9159159159159159,1.2395218573510647,1.1467752931639552,1.1733132740482688
916,0.9169169169169169,1.2391292015090585,1.1464310819283128,1.1729535926133394
917,0.9179179179179179,1.2386838058009744,1.1461082780733705,1.172582572326064
918,0.9189189189189189,1.2382574081420898,1.1456781923770905,1.1714940583333373
919,0.91991991991992,1.237881931476295,1.1453488590195775,1.1713987151160836
920,0.9209209209209209,1.2374279983341694,1.1451023984700441,1.1712523829191923
921,0.9219219219219219,1.237132620997727,1.144665322266519,1.1707647256553173
922,0.9229229229229229,1.2367166439071298,1.1443060832098126,1.1708739288151264
923,0.9239239239239239,1.2362442491576076,1.1441380018368363,1.1698094243183732
924,0.924924924924925,1.2358249267563224,1.1436876570805907,1.1693278094753623
925,0.9259259259259259,1.2353931600227952,1.1432896284386516,1.1694097444415092
926,0.9269269269269269,1.2350715547800064,1.1429288052022457,1.168580106459558
927,0.9279279279279279,1.2346157096326351,1.142622192390263,1.1690476583316922
928,0.9289289289289289,1.2342336541041732,1.142304452136159,1.1681021060794592
929,0.92992992992993,1.2338109789416194,1.141989329829812,1.1677833758294582
930,0.9309309309309309,1.2334922002628446,1.1415799148380756,1.1675802515819669
931,0.9319319319319319,1.2331502214074135,1.1411790810525417,1.1670541847124696
932,0.9329329329329329,1.2326416429132223,1.1409609857946634,1.166931889951229
933,0.933933933933934,1.232288096100092,1.140500171110034,1.166444187052548
934,0.934934934934935,1.2319418732076883,1.140213211067021,1.165952656418085
935,0.9359359359359359,1.2315192120149732,1.1399573581293225,1.1658059004694223
936,0.9369369369369369,1.2311036624014378,1.1395525094121695,1.165106032975018
937,0.9379379379379379,1.2307877372950315,1.1392153464257717,1.1650493200868368
938,0.938938938938939,1.2303205141797662,1.1388533310964704,1.164440443739295
939,0.93993993993994,1.229921329766512,1.1384950811043382,1.1641045426949859
940,0.9409409409409409,1.229532865807414,1.1381460363045335,1.1636617155745625
941,0.9419419419419419,1.2291212528944016,1.1378627205267549,1.1629177862778306
942,0.9429429429429429,1.2287518866360188,1.13753314409405,1.163008738309145
943,0.943943943943944,1.2283425014466047,1.1370954178273678,1.1622808380052447
944,0.944944944944945,1.2279404569417238,1.1368638593703508,1.1622356586158276
945,0.9459459459459459,1.2275298573076725,1.1364294411614537,1.161964793689549
946,0.9469469469469469,1.2271301066502929,1.1362037863582373,1.1612235996872187
947,0.9479479479479479,1.2267886828631163,1.135726629756391,1.161703265272081
948,0.948948948948949,1.2263881750404835,1.1355264391750097,1.1602861993014812
949,0.94994994994995,1.2260313043370843,1.1353048766031861,1.159875706769526
950,0.950950950950951,1.2256021462380886,1.1348338155075908,1.159644310362637
951,0.9519519519519519,1.2252485919743776,1.1345231086015701,1.1596252713352442
952,0.9529529529529529,1.2247268883511424,1.1342032328248024,1.1594329727813601
953,0.953953953953954,1.2244698405265808,1.1337738670408726,1.1591701852157712
954,0.954954954954955,1.2240020157769322,1.1335871927440166,1.1585852578282356
955,0.955955955955956,1.223646136932075,1.1331376302987337,1.1576731652021408
956,0.9569569569569569,1.2232797779142857,1.1328682266175747,1.1578002031892538
957,0.9579579579579579,1.2228707410395145,1.1325198980048299,1.1579081313684583
958,0.958958958958959,1.2224939307197928,1.1322646290063858,1.1570107964798808
959,0.95995995995996,1.2221364630386233,1.1318293074145913,1.1568086789920926
960,0.960960960960961,1.2218017857521772,1.1316051175817847,1.1565650664269924
961,0.9619619619619619,1.2213941849768162,1.1312401285395026,1.1560201114043593
962,0.9629629629629629,1.2209871634840965,1.1307888869196177,1.1556675983592868
963,0.963963963963964,1.2206574967131019,1.1305646561086178,1.1549322502687573
964,0.964964964964965,1.2202160572633147,1.130171624943614,1.1547307493165135
965,0.965965965965966,1.2198134334757924,1.129787570796907,1.154217043891549
966,0.9669669669669669,1.2194272819906473,1.129574965685606,1.15413720253855
967,0.9679679679679679,1.218971180729568,1.1293253852054477,1.153876155614853
968,0.968968968968969,1.2186967292800546,1.1289312960579991,1.1532174544408917
969,0.96996996996997,1.2183683989569545,1.1286397129297256,1.1530918581411242
970,0.970970970970971,1.217880961485207,1.128321586176753,1.152687651105225
971,0.9719719719719719,1.217507558874786,1.1279342947527766,1.1521471599116921
972,0.9729729729729729,1.217151576653123,1.1276697209104896,1.1516467742621899
973,0.973973973973974,1.2167554143816233,1.1272657867521048,1.1513787265866995
974,0.974974974974975,1.2164104571565986,1.1269203498959541,1.151308380998671
975,0.975975975975976,1.2159041874110699,1.1266378834843636,1.1509929923340678
976,0.9769769769769769,1.2156385174021125,1.1263035610318184,1.1506499610841274
977,0.9779779779779779,1.2151942616328597,1.126070716418326,1.149963260628283
978,0.978978978978979,1.2148533575236797,1.125671130605042,1.14938635379076
979,0.97997997997998,1.2144839968532324,1.125431664288044,1.149537229910493
980,0.980980980980981,1.2139871641993523,1.1250453237444162,1.149138119071722
981,0.9819819819819819,1.2136723035946488,1.1248955791816115,1.149056687951088
982,0.9829829829829829,1.213354735635221,1.12442840449512,1.1483074426651
983,0.983983983983984,1.2129417536780238,1.1240750066936016,1.147901751101017
984,0.984984984984985,1.2125416696071625,1.123778022825718,1.1476136706769466
985,0.985985985985986,1.2121705748140812,1.1234346870332956,1.147104519419372
986,0.986986986986987,1.2118125492706895,1.1231230711564422,1.146764436736703
987,0.9879879879879879,1.2112983604893088,1.1228405265137553,1.1467451741918921
988,0.988988988988989,1.2110521839931607,1.122529705055058,1.1462723156437278
989,0.98998998998999,1.2106158835813403,1.1222247667610645,1.146070720627904
990,0.990990990990991,1.2102949665859342,1.1219273051247,1.145465588197112
991,0.991991991991992,1.2098773149773479,1.121626459993422,1.145339430309832
992,0.992992992992993,1.2095839940011501,1.121393360197544,1.145201425999403
993,0.993993993993994,1.2092126701027155,1.1210101963952184,1.1450802125036716
994,0.994994994994995,1.2088099522516131,1.1206589210778475,1.1442314954474568
995,0.995995995995996,1.2083772495388985,1.1203579418361187,1.1436535557731986
996,0.996996996996997,1.2080097878351808,1.1200460074469447,1.143376050516963
997,0.997997997997998,1.207641619257629,1.119796679355204,1.1430918779224157
998,0.998998998998999,1.207242526113987,1.119507746770978,1.1433008974418044
999,1.0,1.2068383190780878,1.119016400538385,1.1427252292633057
